,danceability,energy,key,loudness,mode,speechiness,acousticness,instrumentalness,liveness,valence,tempo,type,id,uri,track_href,analysis_url,duration_ms,time_signature,track,artist,msPlayed,datetime
0,0.664,0.544,5,-14.346,0,0.0375,0.0211,0.89,0.0814,0.557,139.896,audio_features,6IQ8iTe3rrEOShw4IdoGd1,spotify:track:6IQ8iTe3rrEOShw4IdoGd1,https://api.spotify.com/v1/tracks/6IQ8iTe3rrEOShw4IdoGd1,https://api.spotify.com/v1/audio-analysis/6IQ8iTe3rrEOShw4IdoGd1,394160,4,Jungle Book Part 2,Dissidenten,497386,2024-01-16 21:52:00
0,0.425,0.261,3,-16.58,0,0.0364,0.907,0.933,0.134,0.112,120.128,audio_features,5VA0PgrgZOioEbX74DPQJS,spotify:track:5VA0PgrgZOioEbX74DPQJS,https://api.spotify.com/v1/tracks/5VA0PgrgZOioEbX74DPQJS,https://api.spotify.com/v1/audio-analysis/5VA0PgrgZOioEbX74DPQJS,233267,4,Sound Of Water,Dissidenten,43680,2024-01-16 21:53:00
0,0.58,0.731,3,-5.299,0,0.0293,0.0204,0.0,0.21,0.164,111.982,audio_features,5K9orY7STBuMQvDno0CqTz,spotify:track:5K9orY7STBuMQvDno0CqTz,https://api.spotify.com/v1/tracks/5K9orY7STBuMQvDno0CqTz,https://api.spotify.com/v1/audio-analysis/5K9orY7STBuMQvDno0CqTz,241427,4,Monsoon,Dissidenten,246146,2024-01-16 21:57:00
0,0.604,0.529,11,-10.967,0,0.0274,0.00765,0.829,0.0869,0.613,75.0,audio_features,7GraNeuFPEK0slh0AZ4Mgc,spotify:track:7GraNeuFPEK0slh0AZ4Mgc,https://api.spotify.com/v1/tracks/7GraNeuFPEK0slh0AZ4Mgc,https://api.spotify.com/v1/audio-analysis/7GraNeuFPEK0slh0AZ4Mgc,242400,4,All India Radio,Dissidenten,358800,2024-01-16 22:03:00
0,0.322,0.35,8,-17.662,1,0.169,0.784,0.755,0.305,0.318,133.472,audio_features,5B336wlNTfgK44sYi6v2b0,spotify:track:5B336wlNTfgK44sYi6v2b0,https://api.spotify.com/v1/tracks/5B336wlNTfgK44sYi6v2b0,https://api.spotify.com/v1/audio-analysis/5B336wlNTfgK44sYi6v2b0,62307,4,Gondagaon,Dissidenten,62306,2024-01-16 22:04:00
0,0.262,0.0463,7,-30.729,1,0.0405,0.541,0.888,0.112,0.0339,118.931,audio_features,2unKoOFXyUWFJJb9ThEoy5,spotify:track:2unKoOFXyUWFJJb9ThEoy5,https://api.spotify.com/v1/tracks/2unKoOFXyUWFJJb9ThEoy5,https://api.spotify.com/v1/audio-analysis/2unKoOFXyUWFJJb9ThEoy5,99669,4,Path Of Rhythm,Dissidenten,285106,2024-01-16 22:08:00
0,0.344,0.298,1,-13.008,1,0.0372,0.167,0.000461,0.1,0.0277,33.054,audio_features,5uMgccLJteT5jyiL0wOr5d,spotify:track:5uMgccLJteT5jyiL0wOr5d,https://api.spotify.com/v1/tracks/5uMgccLJteT5jyiL0wOr5d,https://api.spotify.com/v1/audio-analysis/5uMgccLJteT5jyiL0wOr5d,134120,4,Puja - Celebration,Dissidenten,134120,2024-01-16 22:11:00
0,0.55,0.932,0,-5.069,1,0.12,0.327,2.28e-06,0.402,0.793,132.941,audio_features,4hoJkNs20zi3rvUkYmY57m,spotify:track:4hoJkNs20zi3rvUkYmY57m,https://api.spotify.com/v1/tracks/4hoJkNs20zi3rvUkYmY57m,https://api.spotify.com/v1/audio-analysis/4hoJkNs20zi3rvUkYmY57m,196667,4,Light Of Love,Dissidenten,300586,2024-01-16 22:16:00
0,0.338,0.272,5,-14.915,1,0.0442,0.927,0.917,0.155,0.287,171.923,audio_features,6MlQvtc5ym48mWxeZJGWzk,spotify:track:6MlQvtc5ym48mWxeZJGWzk,https://api.spotify.com/v1/tracks/6MlQvtc5ym48mWxeZJGWzk,https://api.spotify.com/v1/audio-analysis/6MlQvtc5ym48mWxeZJGWzk,476173,3,Channels and Winds,Philip Glass,7116,2024-01-16 22:25:00
0,0.474,0.337,11,-14.667,0,0.0256,0.884,0.213,0.113,0.278,90.897,audio_features,1k3tnHRcKo5DUNdQYuYFnw,spotify:track:1k3tnHRcKo5DUNdQYuYFnw,https://api.spotify.com/v1/tracks/1k3tnHRcKo5DUNdQYuYFnw,https://api.spotify.com/v1/audio-analysis/1k3tnHRcKo5DUNdQYuYFnw,292933,4,The River,PJ Harvey,5815,2024-01-16 22:25:00
0,0.81,0.709,7,-8.201,1,0.0315,0.435,1.79e-05,0.202,0.912,132.089,audio_features,12qzAgiemuBRc7WfnHTjha,spotify:track:12qzAgiemuBRc7WfnHTjha,https://api.spotify.com/v1/tracks/12qzAgiemuBRc7WfnHTjha,https://api.spotify.com/v1/audio-analysis/12qzAgiemuBRc7WfnHTjha,348187,4,Abdul Majid,Philip Glass,533000,2024-01-16 22:25:00
0,0.634,0.856,2,-5.302,0,0.059,0.54,0.00142,0.111,0.779,100.041,audio_features,7hq7tGcCLjKVJGRdKaQnLe,spotify:track:7hq7tGcCLjKVJGRdKaQnLe,https://api.spotify.com/v1/tracks/7hq7tGcCLjKVJGRdKaQnLe,https://api.spotify.com/v1/audio-analysis/7hq7tGcCLjKVJGRdKaQnLe,255973,4,Ya Habibi,Toufic Farroukh,255973,2024-01-16 22:30:00
0,0.725,0.887,0,-8.586,1,0.0338,0.313,0.918,0.0692,0.964,130.005,audio_features,3uc4jERfYr5oNMLj6B8eRQ,spotify:track:3uc4jERfYr5oNMLj6B8eRQ,https://api.spotify.com/v1/tracks/3uc4jERfYr5oNMLj6B8eRQ,https://api.spotify.com/v1/audio-analysis/3uc4jERfYr5oNMLj6B8eRQ,341120,4,The Girl from Gypsy Moon,Toufic Farroukh,341120,2024-01-16 22:35:00
0,0.114,0.0158,0,-25.243,1,0.0351,0.902,0.824,0.257,0.0481,82.868,audio_features,6xEBSvLDWaFinm8v3NZQCX,spotify:track:6xEBSvLDWaFinm8v3NZQCX,https://api.spotify.com/v1/tracks/6xEBSvLDWaFinm8v3NZQCX,https://api.spotify.com/v1/audio-analysis/6xEBSvLDWaFinm8v3NZQCX,209000,5,"Ma mère l'oye, M. 62: Apothéose: Le jardin féerique. Lent et grave",Maurice Ravel,9798,2024-01-16 22:44:00
0,0.442,0.00919,3,-32.452,1,0.047,0.984,0.936,0.0873,0.0929,79.314,audio_features,1VNvsvEsUpuUCbHpVop1vo,spotify:track:1VNvsvEsUpuUCbHpVop1vo,https://api.spotify.com/v1/tracks/1VNvsvEsUpuUCbHpVop1vo,https://api.spotify.com/v1/audio-analysis/1VNvsvEsUpuUCbHpVop1vo,273667,4,Nocturne,Billy Joel,1390,2024-01-16 22:44:00
0,0.17,0.0479,2,-27.021,1,0.0438,0.981,0.906,0.0795,0.0304,75.664,audio_features,4JOEMgLkrHp8K1XNmyNffH,spotify:track:4JOEMgLkrHp8K1XNmyNffH,https://api.spotify.com/v1/tracks/4JOEMgLkrHp8K1XNmyNffH,https://api.spotify.com/v1/audio-analysis/4JOEMgLkrHp8K1XNmyNffH,428153,3,Miroirs: III. Une barque sur l'océan,Maurice Ravel,428152,2024-01-16 22:44:00
0,0.522,0.816,6,-8.326,0,0.0282,6.09e-05,0.532,0.0864,0.727,130.431,audio_features,4pqwWcs8tMhbmUXj9qiUoM,spotify:track:4pqwWcs8tMhbmUXj9qiUoM,https://api.spotify.com/v1/tracks/4pqwWcs8tMhbmUXj9qiUoM,https://api.spotify.com/v1/audio-analysis/4pqwWcs8tMhbmUXj9qiUoM,211086,4,Sacred Sands,Allah-Las,211086,2024-01-16 22:48:00
0,0.338,0.272,5,-14.915,1,0.0442,0.927,0.917,0.155,0.287,171.923,audio_features,6MlQvtc5ym48mWxeZJGWzk,spotify:track:6MlQvtc5ym48mWxeZJGWzk,https://api.spotify.com/v1/tracks/6MlQvtc5ym48mWxeZJGWzk,https://api.spotify.com/v1/audio-analysis/6MlQvtc5ym48mWxeZJGWzk,476173,3,Channels and Winds,Philip Glass,3696,2024-01-16 22:48:00
0,0.774,0.847,7,-5.533,0,0.036,0.00995,0.772,0.0469,0.961,127.986,audio_features,3Z9uims4BXsx1DtETrjNDo,spotify:track:3Z9uims4BXsx1DtETrjNDo,https://api.spotify.com/v1/tracks/3Z9uims4BXsx1DtETrjNDo,https://api.spotify.com/v1/audio-analysis/3Z9uims4BXsx1DtETrjNDo,191693,4,Madan,Salif Keita,1386,2024-01-16 22:48:00
0,0.252,0.056,2,-23.938,1,0.0459,0.854,0.703,0.487,0.126,120.762,audio_features,25HQpWmR3owrTDmh7FpXrh,spotify:track:25HQpWmR3owrTDmh7FpXrh,https://api.spotify.com/v1/tracks/25HQpWmR3owrTDmh7FpXrh,https://api.spotify.com/v1/audio-analysis/25HQpWmR3owrTDmh7FpXrh,450000,4,"Alborada del gracioso, M. 43: Assez vif",Maurice Ravel,3433,2024-01-16 22:48:00
0,0.376,0.85,11,-6.472,0,0.0572,0.161,0.000142,0.0875,0.0746,93.723,audio_features,5Nlp1kf9GJUxnzj6odrquQ,spotify:track:5Nlp1kf9GJUxnzj6odrquQ,https://api.spotify.com/v1/tracks/5Nlp1kf9GJUxnzj6odrquQ,https://api.spotify.com/v1/audio-analysis/5Nlp1kf9GJUxnzj6odrquQ,295347,3,Adrenaline Oasis - English version,Premiata Forneria Marconi,30173,2024-01-16 22:49:00
0,0.363,0.515,9,-11.396,0,0.0566,0.362,0.523,0.102,0.166,81.401,audio_features,5aq792lBi0ANVk99WsfxTx,spotify:track:5aq792lBi0ANVk99WsfxTx,https://api.spotify.com/v1/tracks/5aq792lBi0ANVk99WsfxTx,https://api.spotify.com/v1/audio-analysis/5aq792lBi0ANVk99WsfxTx,947093,4,Canto nomade per un prigioniero politico,Banco Del Mutuo Soccorso,13205,2024-01-17 05:45:00
0,0.561,0.59,0,-8.823,0,0.0298,0.348,0.0,0.103,0.507,103.615,audio_features,0HKeQVnqCpvO4eVFjQqU2X,spotify:track:0HKeQVnqCpvO4eVFjQqU2X,https://api.spotify.com/v1/tracks/0HKeQVnqCpvO4eVFjQqU2X,https://api.spotify.com/v1/audio-analysis/0HKeQVnqCpvO4eVFjQqU2X,245573,4,Sandy,Allah-Las,2260,2024-01-17 05:51:00
0,0.564,0.846,4,-5.897,0,0.0437,0.00692,0.00175,0.0452,0.696,122.032,audio_features,4H0KLsPpr5atperrHGfz3x,spotify:track:4H0KLsPpr5atperrHGfz3x,https://api.spotify.com/v1/tracks/4H0KLsPpr5atperrHGfz3x,https://api.spotify.com/v1/audio-analysis/4H0KLsPpr5atperrHGfz3x,212986,4,Catamaran,Allah-Las,89338,2024-01-17 05:51:00
0,0.564,0.846,4,-5.897,0,0.0437,0.00692,0.00175,0.0452,0.696,122.032,audio_features,4H0KLsPpr5atperrHGfz3x,spotify:track:4H0KLsPpr5atperrHGfz3x,https://api.spotify.com/v1/tracks/4H0KLsPpr5atperrHGfz3x,https://api.spotify.com/v1/audio-analysis/4H0KLsPpr5atperrHGfz3x,212986,4,Catamaran,Allah-Las,163286,2024-01-17 05:54:00
0,0.617,0.82,10,-5.354,1,0.0299,0.0327,0.00454,0.332,0.74,119.29,audio_features,3niZUlDdEFvir3HKdgdhsC,spotify:track:3niZUlDdEFvir3HKdgdhsC,https://api.spotify.com/v1/tracks/3niZUlDdEFvir3HKdgdhsC,https://api.spotify.com/v1/audio-analysis/3niZUlDdEFvir3HKdgdhsC,184789,4,Don't You Forget It,Allah-Las,184789,2024-01-17 05:57:00
0,0.465,0.871,9,-4.178,1,0.03,0.109,0.146,0.171,0.634,131.901,audio_features,4ut69OC6WaDcjxkTELBzmn,spotify:track:4ut69OC6WaDcjxkTELBzmn,https://api.spotify.com/v1/tracks/4ut69OC6WaDcjxkTELBzmn,https://api.spotify.com/v1/audio-analysis/4ut69OC6WaDcjxkTELBzmn,207582,4,Busman's Holiday,Allah-Las,207582,2024-01-17 06:01:00
0,0.522,0.816,6,-8.326,0,0.0282,6.09e-05,0.532,0.0864,0.727,130.431,audio_features,4pqwWcs8tMhbmUXj9qiUoM,spotify:track:4pqwWcs8tMhbmUXj9qiUoM,https://api.spotify.com/v1/tracks/4pqwWcs8tMhbmUXj9qiUoM,https://api.spotify.com/v1/audio-analysis/4pqwWcs8tMhbmUXj9qiUoM,211086,4,Sacred Sands,Allah-Las,211086,2024-01-17 06:04:00
0,0.478,0.766,2,-7.249,1,0.0322,0.239,0.00246,0.125,0.634,126.346,audio_features,6iQujnOEV2WU5MR1CkIeOD,spotify:track:6iQujnOEV2WU5MR1CkIeOD,https://api.spotify.com/v1/tracks/6iQujnOEV2WU5MR1CkIeOD,https://api.spotify.com/v1/audio-analysis/6iQujnOEV2WU5MR1CkIeOD,181203,4,No Voodoo,Allah-Las,181202,2024-01-17 06:07:00
0,0.561,0.59,0,-8.823,0,0.0298,0.348,0.0,0.103,0.507,103.615,audio_features,0HKeQVnqCpvO4eVFjQqU2X,spotify:track:0HKeQVnqCpvO4eVFjQqU2X,https://api.spotify.com/v1/tracks/0HKeQVnqCpvO4eVFjQqU2X,https://api.spotify.com/v1/audio-analysis/0HKeQVnqCpvO4eVFjQqU2X,245573,4,Sandy,Allah-Las,164160,2024-01-17 06:10:00
0,0.645,0.833,5,-8.588,1,0.0296,0.00146,0.882,0.156,0.693,129.941,audio_features,44GnisrXgtKEOH6KLEelOE,spotify:track:44GnisrXgtKEOH6KLEelOE,https://api.spotify.com/v1/tracks/44GnisrXgtKEOH6KLEelOE,https://api.spotify.com/v1/audio-analysis/44GnisrXgtKEOH6KLEelOE,234508,4,Ela Navega,Allah-Las,234508,2024-01-17 06:14:00
0,0.518,0.836,2,-4.6,0,0.0288,0.00878,0.274,0.192,0.801,127.823,audio_features,4UHedf9nxzmODmxv66Btbr,spotify:track:4UHedf9nxzmODmxv66Btbr,https://api.spotify.com/v1/tracks/4UHedf9nxzmODmxv66Btbr,https://api.spotify.com/v1/audio-analysis/4UHedf9nxzmODmxv66Btbr,211942,4,Tell Me (What's on Your Mind),Allah-Las,50725,2024-01-17 06:15:00
0,0.263,0.785,8,-8.859,1,0.0944,0.0074,0.809,0.103,0.277,139.306,audio_features,4VaOWqC1sNuV632FRtmNaP,spotify:track:4VaOWqC1sNuV632FRtmNaP,https://api.spotify.com/v1/tracks/4VaOWqC1sNuV632FRtmNaP,https://api.spotify.com/v1/audio-analysis/4VaOWqC1sNuV632FRtmNaP,278867,4,And the Address - 2000 Remaster,Deep Purple,278866,2024-01-17 06:19:00
0,0.57,0.635,10,-10.231,1,0.0482,0.00459,0.176,0.0901,0.196,108.431,audio_features,2Vim06YsRb4uJRpbeq6NR6,spotify:track:2Vim06YsRb4uJRpbeq6NR6,https://api.spotify.com/v1/tracks/2Vim06YsRb4uJRpbeq6NR6,https://api.spotify.com/v1/audio-analysis/2Vim06YsRb4uJRpbeq6NR6,266840,4,Hush - 1998 Remaster,Deep Purple,266840,2024-01-17 06:24:00
0,0.338,0.781,0,-9.297,1,0.0602,0.156,9.34e-05,0.0996,0.62,94.924,audio_features,4iUlsqfmcJSItj52Q3EtI2,spotify:track:4iUlsqfmcJSItj52Q3EtI2,https://api.spotify.com/v1/tracks/4iUlsqfmcJSItj52Q3EtI2,https://api.spotify.com/v1/audio-analysis/4iUlsqfmcJSItj52Q3EtI2,220453,4,One More Rainy Day - 2000 Remaster,Deep Purple,220453,2024-01-17 06:27:00
0,0.28,0.57,9,-9.455,1,0.0449,0.0277,0.382,0.125,0.15,132.6,audio_features,3DV7DZ9SasAtZhxh2tvoqs,spotify:track:3DV7DZ9SasAtZhxh2tvoqs,https://api.spotify.com/v1/tracks/3DV7DZ9SasAtZhxh2tvoqs,https://api.spotify.com/v1/audio-analysis/3DV7DZ9SasAtZhxh2tvoqs,439093,4,Prelude: Happiness / I'm so Glad (Medley) - 2000 Remaster,Deep Purple,46074,2024-01-17 06:28:00
0,0.885,0.664,1,-11.795,1,0.0524,0.145,0.0483,0.0767,0.906,121.632,audio_features,3K7Q9PHUWPTaknlbFPThn2,spotify:track:3K7Q9PHUWPTaknlbFPThn2,https://api.spotify.com/v1/tracks/3K7Q9PHUWPTaknlbFPThn2,https://api.spotify.com/v1/audio-analysis/3K7Q9PHUWPTaknlbFPThn2,298867,4,Celebration,Premiata Forneria Marconi,16710,2024-01-17 06:31:00
0,0.386,0.851,4,-7.614,1,0.424,0.645,0.581,0.925,0.643,163.021,audio_features,1e0Pkpkr6o6mMdwuVMnJy0,spotify:track:1e0Pkpkr6o6mMdwuVMnJy0,https://api.spotify.com/v1/tracks/1e0Pkpkr6o6mMdwuVMnJy0,https://api.spotify.com/v1/audio-analysis/1e0Pkpkr6o6mMdwuVMnJy0,172147,4,Guglielmo Tell – Ouverture,Premiata Forneria Marconi,172146,2024-01-17 06:31:00
0,0.483,0.448,0,-11.972,1,0.0342,0.637,0.917,0.0733,0.378,124.456,audio_features,176RyR4Ac2kU0bEI4uycWs,spotify:track:176RyR4Ac2kU0bEI4uycWs,https://api.spotify.com/v1/tracks/176RyR4Ac2kU0bEI4uycWs,https://api.spotify.com/v1/audio-analysis/176RyR4Ac2kU0bEI4uycWs,159227,4,Traccia,Banco Del Mutuo Soccorso,6315,2024-01-17 06:31:00
0,0.49,0.909,2,-8.637,1,0.068,0.0778,0.875,0.119,0.195,198.08,audio_features,2UF2lebuxz6eG9RXmOe753,spotify:track:2UF2lebuxz6eG9RXmOe753,https://api.spotify.com/v1/tracks/2UF2lebuxz6eG9RXmOe753,https://api.spotify.com/v1/audio-analysis/2UF2lebuxz6eG9RXmOe753,197560,4,Worlds Beyond - English version,Premiata Forneria Marconi,197560,2024-01-17 06:35:00
0,0.324,0.358,5,-16.702,1,0.0349,0.36,0.686,0.113,0.135,93.051,audio_features,0Qrqra03HYRABprGcmdGwF,spotify:track:0Qrqra03HYRABprGcmdGwF,https://api.spotify.com/v1/tracks/0Qrqra03HYRABprGcmdGwF,https://api.spotify.com/v1/audio-analysis/0Qrqra03HYRABprGcmdGwF,323840,4,Per un amico,Premiata Forneria Marconi,323840,2024-01-17 06:40:00
0,0.674,0.942,0,-10.419,1,0.044,0.00534,0.94,0.257,0.17,149.796,audio_features,44sowX8qTRh76pjPVYCFtS,spotify:track:44sowX8qTRh76pjPVYCFtS,https://api.spotify.com/v1/tracks/44sowX8qTRh76pjPVYCFtS,https://api.spotify.com/v1/audio-analysis/44sowX8qTRh76pjPVYCFtS,322520,4,Cyber Alpha,Premiata Forneria Marconi,129183,2024-01-17 07:02:00
0,0.433,0.0127,5,-26.732,0,0.0538,0.995,0.903,0.0947,0.0562,117.132,audio_features,6JWM64yo7VUwBWFqq9VA56,spotify:track:6JWM64yo7VUwBWFqq9VA56,https://api.spotify.com/v1/tracks/6JWM64yo7VUwBWFqq9VA56,https://api.spotify.com/v1/audio-analysis/6JWM64yo7VUwBWFqq9VA56,190493,4,Gnossienne No.1: Lent,Erik Satie,4434,2024-01-17 18:00:00
0,0.148,0.316,2,-7.855,1,0.0296,0.87,0.556,0.105,0.0415,96.892,audio_features,6a08bsmQBcmsjmn2AzTu5F,spotify:track:6a08bsmQBcmsjmn2AzTu5F,https://api.spotify.com/v1/tracks/6a08bsmQBcmsjmn2AzTu5F,https://api.spotify.com/v1/audio-analysis/6a08bsmQBcmsjmn2AzTu5F,176107,4,Nessun Dorma,Jeff Beck,176106,2024-01-17 18:03:00
0,0.092,0.0239,7,-31.457,1,0.0488,0.936,0.902,0.18,0.0541,67.289,audio_features,2euauaTvztPp2Ae6rCeTri,spotify:track:2euauaTvztPp2Ae6rCeTri,https://api.spotify.com/v1/tracks/2euauaTvztPp2Ae6rCeTri,https://api.spotify.com/v1/audio-analysis/2euauaTvztPp2Ae6rCeTri,221000,3,3 Gymnopedies (orch. Debussy): Gymnopedie No. 2,Erik Satie,221000,2024-01-17 18:06:00
0,0.456,0.12,3,-23.206,1,0.0366,0.98,0.937,0.107,0.145,135.213,audio_features,6nXArMkjtAdWNGr0jEUH5E,spotify:track:6nXArMkjtAdWNGr0jEUH5E,https://api.spotify.com/v1/tracks/6nXArMkjtAdWNGr0jEUH5E,https://api.spotify.com/v1/audio-analysis/6nXArMkjtAdWNGr0jEUH5E,357600,3,Glassworks: VI. Closing,Philip Glass,2200,2024-01-17 18:12:00
0,0.405,0.125,7,-13.708,0,0.0329,0.822,0.929,0.122,0.0636,100.087,audio_features,3YvRGdE4ZePXxl9OzpGp0Y,spotify:track:3YvRGdE4ZePXxl9OzpGp0Y,https://api.spotify.com/v1/tracks/3YvRGdE4ZePXxl9OzpGp0Y,https://api.spotify.com/v1/audio-analysis/3YvRGdE4ZePXxl9OzpGp0Y,73493,4,For a Few Dollars More: Watch Chimes (Carillon's Theme),Ennio Morricone,2353,2024-01-17 18:12:00
0,0.568,0.293,5,-16.07,1,0.0339,0.935,0.927,0.0879,0.504,136.002,audio_features,16c7tL31q18QfNsFi6bXzR,spotify:track:16c7tL31q18QfNsFi6bXzR,https://api.spotify.com/v1/tracks/16c7tL31q18QfNsFi6bXzR,https://api.spotify.com/v1/audio-analysis/16c7tL31q18QfNsFi6bXzR,323533,4,Ceffylau,Catrin Finch,323533,2024-01-17 18:12:00
0,0.358,0.678,7,-10.992,1,0.0816,0.599,2.01e-05,0.872,0.546,144.011,audio_features,0YEsQRjRxcUvIJER7Ifob8,spotify:track:0YEsQRjRxcUvIJER7Ifob8,https://api.spotify.com/v1/tracks/0YEsQRjRxcUvIJER7Ifob8,https://api.spotify.com/v1/audio-analysis/0YEsQRjRxcUvIJER7Ifob8,559973,4,Stairway To Heaven,London Philharmonic Orchestra,640000,2024-01-17 18:22:00
0,0.458,0.00328,5,-35.289,1,0.152,0.994,0.944,0.0806,0.344,79.109,audio_features,3lGzJNsCw3Y6FpSg9HmJsK,spotify:track:3lGzJNsCw3Y6FpSg9HmJsK,https://api.spotify.com/v1/tracks/3lGzJNsCw3Y6FpSg9HmJsK,https://api.spotify.com/v1/audio-analysis/3lGzJNsCw3Y6FpSg9HmJsK,98933,3,Sonatina for Piano 4 Hands: II. Andante,György Ligeti,2431,2024-01-17 18:23:00
0,0.356,0.0145,2,-31.366,1,0.0526,0.991,0.922,0.0945,0.196,78.685,audio_features,6LhNIBQ3c711HIIhwWoFpx,spotify:track:6LhNIBQ3c711HIIhwWoFpx,https://api.spotify.com/v1/tracks/6LhNIBQ3c711HIIhwWoFpx,https://api.spotify.com/v1/audio-analysis/6LhNIBQ3c711HIIhwWoFpx,152000,3,Jobim: Road to the Sun,Antônio Carlos Jobim,6558,2024-01-17 18:23:00
0,0.1,0.0656,5,-23.678,0,0.0508,0.979,0.788,0.124,0.037,73.959,audio_features,74JmOn8oxrDI6msHDudTlm,spotify:track:74JmOn8oxrDI6msHDudTlm,https://api.spotify.com/v1/tracks/74JmOn8oxrDI6msHDudTlm,https://api.spotify.com/v1/audio-analysis/74JmOn8oxrDI6msHDudTlm,296373,3,Gayane Suite No. 3: IV. Gayane's Adagio,Aram Khachaturian,2137,2024-01-17 18:23:00
0,0.435,0.279,4,-14.832,0,0.058,0.982,0.923,0.0904,0.134,126.545,audio_features,246kWB3pAv70EQvA6OrTpt,spotify:track:246kWB3pAv70EQvA6OrTpt,https://api.spotify.com/v1/tracks/246kWB3pAv70EQvA6OrTpt,https://api.spotify.com/v1/audio-analysis/246kWB3pAv70EQvA6OrTpt,292640,3,Prelude No.1 - Melodía lírica,Heitor Villa-Lobos,67733,2024-01-17 18:24:00
0,0.602,0.557,9,-11.373,1,0.0402,0.61,0.000508,0.6,0.869,112.341,audio_features,7Fwnn8npShUzE9HtVp9Y1H,spotify:track:7Fwnn8npShUzE9HtVp9Y1H,https://api.spotify.com/v1/tracks/7Fwnn8npShUzE9HtVp9Y1H,https://api.spotify.com/v1/audio-analysis/7Fwnn8npShUzE9HtVp9Y1H,102693,4,Hot Freaks,Guided By Voices,27841,2024-01-17 18:24:00
0,0.602,0.557,9,-11.373,1,0.0402,0.61,0.000508,0.6,0.869,112.341,audio_features,7Fwnn8npShUzE9HtVp9Y1H,spotify:track:7Fwnn8npShUzE9HtVp9Y1H,https://api.spotify.com/v1/tracks/7Fwnn8npShUzE9HtVp9Y1H,https://api.spotify.com/v1/audio-analysis/7Fwnn8npShUzE9HtVp9Y1H,102693,4,Hot Freaks,Guided By Voices,102693,2024-01-17 18:26:00
0,0.658,0.587,5,-9.882,1,0.0318,0.419,0.0156,0.112,0.389,115.076,audio_features,2bEAnMTDTf5Z7QB8QR8U6p,spotify:track:2bEAnMTDTf5Z7QB8QR8U6p,https://api.spotify.com/v1/tracks/2bEAnMTDTf5Z7QB8QR8U6p,https://api.spotify.com/v1/audio-analysis/2bEAnMTDTf5Z7QB8QR8U6p,139333,4,N Dakota,Parquet Courts,139333,2024-01-17 18:28:00
0,0.641,0.301,9,-18.236,1,0.0288,0.92,0.707,0.317,0.493,122.529,audio_features,45FbEBwrjJOAvmcxzgKwZq,spotify:track:45FbEBwrjJOAvmcxzgKwZq,https://api.spotify.com/v1/tracks/45FbEBwrjJOAvmcxzgKwZq,https://api.spotify.com/v1/audio-analysis/45FbEBwrjJOAvmcxzgKwZq,127640,1,Winner's Blues,Sonic Youth,6364,2024-01-17 18:29:00
0,0.462,0.42,9,-8.607,1,0.0316,0.213,0.0,0.272,0.0773,108.537,audio_features,6rcnII3GH0fTOUKULfYJah,spotify:track:6rcnII3GH0fTOUKULfYJah,https://api.spotify.com/v1/tracks/6rcnII3GH0fTOUKULfYJah,https://api.spotify.com/v1/audio-analysis/6rcnII3GH0fTOUKULfYJah,51133,4,They're Not Witches,Guided By Voices,51133,2024-01-17 18:29:00
0,0.462,0.42,9,-8.607,1,0.0316,0.213,0.0,0.272,0.0773,108.537,audio_features,6rcnII3GH0fTOUKULfYJah,spotify:track:6rcnII3GH0fTOUKULfYJah,https://api.spotify.com/v1/tracks/6rcnII3GH0fTOUKULfYJah,https://api.spotify.com/v1/audio-analysis/6rcnII3GH0fTOUKULfYJah,51133,4,They're Not Witches,Guided By Voices,356,2024-01-17 18:29:00
0,0.658,0.587,5,-9.882,1,0.0318,0.419,0.0156,0.112,0.389,115.076,audio_features,2bEAnMTDTf5Z7QB8QR8U6p,spotify:track:2bEAnMTDTf5Z7QB8QR8U6p,https://api.spotify.com/v1/tracks/2bEAnMTDTf5Z7QB8QR8U6p,https://api.spotify.com/v1/audio-analysis/2bEAnMTDTf5Z7QB8QR8U6p,139333,4,N Dakota,Parquet Courts,3403,2024-01-17 18:29:00
0,0.462,0.42,9,-8.607,1,0.0316,0.213,0.0,0.272,0.0773,108.537,audio_features,6rcnII3GH0fTOUKULfYJah,spotify:track:6rcnII3GH0fTOUKULfYJah,https://api.spotify.com/v1/tracks/6rcnII3GH0fTOUKULfYJah,https://api.spotify.com/v1/audio-analysis/6rcnII3GH0fTOUKULfYJah,51133,4,They're Not Witches,Guided By Voices,4784,2024-01-17 18:30:00
0,0.507,0.928,6,-5.553,1,0.0342,0.849,0.944,0.658,0.932,110.825,audio_features,5joBFSdOX1ebTghSbGxFdI,spotify:track:5joBFSdOX1ebTghSbGxFdI,https://api.spotify.com/v1/tracks/5joBFSdOX1ebTghSbGxFdI,https://api.spotify.com/v1/audio-analysis/5joBFSdOX1ebTghSbGxFdI,75707,4,Canteen Plums,Guided By Voices,26533,2024-01-17 18:32:00
0,0.641,0.301,9,-18.236,1,0.0288,0.92,0.707,0.317,0.493,122.529,audio_features,45FbEBwrjJOAvmcxzgKwZq,spotify:track:45FbEBwrjJOAvmcxzgKwZq,https://api.spotify.com/v1/tracks/45FbEBwrjJOAvmcxzgKwZq,https://api.spotify.com/v1/audio-analysis/45FbEBwrjJOAvmcxzgKwZq,127640,1,Winner's Blues,Sonic Youth,127640,2024-01-17 18:32:00
0,0.671,0.725,2,-10.065,1,0.065,0.296,0.00022,0.0889,0.956,85.27,audio_features,1FRP8d6l2jm3DS5f78ZrhK,spotify:track:1FRP8d6l2jm3DS5f78ZrhK,https://api.spotify.com/v1/tracks/1FRP8d6l2jm3DS5f78ZrhK,https://api.spotify.com/v1/audio-analysis/1FRP8d6l2jm3DS5f78ZrhK,140400,4,Route 66,The Rolling Stones,140400,2024-01-17 18:34:00
0,0.657,0.825,0,-8.94,1,0.098,0.219,0.845,0.354,0.582,126.817,audio_features,7j96wehhMtN0fkVvFhD8Ix,spotify:track:7j96wehhMtN0fkVvFhD8Ix,https://api.spotify.com/v1/tracks/7j96wehhMtN0fkVvFhD8Ix,https://api.spotify.com/v1/audio-analysis/7j96wehhMtN0fkVvFhD8Ix,137667,4,I Just Want To Make Love To You - Mono Version,The Rolling Stones,137666,2024-01-17 18:37:00
0,0.646,0.374,8,-10.706,0,0.103,0.151,0.651,0.208,0.475,87.593,audio_features,22Bvku5X3odiXj2wbtgY4T,spotify:track:22Bvku5X3odiXj2wbtgY4T,https://api.spotify.com/v1/tracks/22Bvku5X3odiXj2wbtgY4T,https://api.spotify.com/v1/audio-analysis/22Bvku5X3odiXj2wbtgY4T,129800,4,Honest I Do,The Rolling Stones,129800,2024-01-17 18:39:00
0,0.695,0.684,1,-9.968,1,0.133,0.0688,0.000257,0.0981,0.427,99.014,audio_features,1o2wswWx1RkkNuVp6Z21HC,spotify:track:1o2wswWx1RkkNuVp6Z21HC,https://api.spotify.com/v1/tracks/1o2wswWx1RkkNuVp6Z21HC,https://api.spotify.com/v1/audio-analysis/1o2wswWx1RkkNuVp6Z21HC,214693,4,Mona (I Need You Baby),The Rolling Stones,214693,2024-01-17 18:43:00
0,0.666,0.682,4,-7.789,1,0.0298,0.0375,0.912,0.256,0.953,97.849,audio_features,6QswKScFURI1x3gZ9isXK7,spotify:track:6QswKScFURI1x3gZ9isXK7,https://api.spotify.com/v1/tracks/6QswKScFURI1x3gZ9isXK7,https://api.spotify.com/v1/audio-analysis/6QswKScFURI1x3gZ9isXK7,151813,4,Now I've Got A Witness,The Rolling Stones,151813,2024-01-17 18:45:00
0,0.482,0.719,9,-8.794,1,0.0558,0.0146,0.13,0.155,0.909,87.743,audio_features,1WLo0a2kvkcwTZ9x3r3MDt,spotify:track:1WLo0a2kvkcwTZ9x3r3MDt,https://api.spotify.com/v1/tracks/1WLo0a2kvkcwTZ9x3r3MDt,https://api.spotify.com/v1/audio-analysis/1WLo0a2kvkcwTZ9x3r3MDt,159707,4,Little By Little - Mono Version,The Rolling Stones,159706,2024-01-17 18:48:00
0,0.886,0.565,11,-10.818,0,0.0629,0.0149,0.00378,0.0565,0.896,105.423,audio_features,3RZSaVu065GXm9CUZE3ixN,spotify:track:3RZSaVu065GXm9CUZE3ixN,https://api.spotify.com/v1/tracks/3RZSaVu065GXm9CUZE3ixN,https://api.spotify.com/v1/audio-analysis/3RZSaVu065GXm9CUZE3ixN,156147,4,I'm A King Bee,The Rolling Stones,156146,2024-01-17 18:50:00
0,0.472,0.641,5,-10.719,1,0.0282,0.00108,4.85e-05,0.215,0.877,76.978,audio_features,55tTwiyz2MxqwJa3uyynag,spotify:track:55tTwiyz2MxqwJa3uyynag,https://api.spotify.com/v1/tracks/55tTwiyz2MxqwJa3uyynag,https://api.spotify.com/v1/audio-analysis/55tTwiyz2MxqwJa3uyynag,256960,4,Carol,The Rolling Stones,154080,2024-01-17 18:53:00
0,0.595,0.768,0,-6.762,1,0.0252,0.054,7.48e-06,0.105,0.445,90.294,audio_features,7iuVLYR8rlkciAlDSRXVUJ,spotify:track:7iuVLYR8rlkciAlDSRXVUJ,https://api.spotify.com/v1/tracks/7iuVLYR8rlkciAlDSRXVUJ,https://api.spotify.com/v1/audio-analysis/7iuVLYR8rlkciAlDSRXVUJ,176872,4,Tell Me,The Rolling Stones,245266,2024-01-17 18:57:00
0,0.79,0.774,7,-7.961,1,0.072,0.371,0.0,0.0669,0.835,97.035,audio_features,0t2qvfSBQ3Y08lzRRoVTdb,spotify:track:0t2qvfSBQ3Y08lzRRoVTdb,https://api.spotify.com/v1/tracks/0t2qvfSBQ3Y08lzRRoVTdb,https://api.spotify.com/v1/audio-analysis/0t2qvfSBQ3Y08lzRRoVTdb,176080,4,Can I Get A Witness,The Rolling Stones,176080,2024-01-17 19:00:00
0,0.7,0.546,0,-9.567,1,0.0622,0.217,7.02e-05,0.166,0.532,102.634,audio_features,5ivIs5vwSj0RChOIvlY3On,spotify:track:5ivIs5vwSj0RChOIvlY3On,https://api.spotify.com/v1/tracks/5ivIs5vwSj0RChOIvlY3On,https://api.spotify.com/v1/audio-analysis/5ivIs5vwSj0RChOIvlY3On,121680,3,You Can Make It If You Try,The Rolling Stones,121680,2024-01-17 19:02:00
0,0.68,0.875,1,-6.109,1,0.132,0.746,0.0,0.0486,0.9,85.058,audio_features,0hzMu6rG4ccr2yqqrOnyDT,spotify:track:0hzMu6rG4ccr2yqqrOnyDT,https://api.spotify.com/v1/tracks/0hzMu6rG4ccr2yqqrOnyDT,https://api.spotify.com/v1/audio-analysis/0hzMu6rG4ccr2yqqrOnyDT,108493,4,Come On - Mono,The Rolling Stones,697,2024-01-17 19:05:00
0,0.727,0.934,2,-8.373,1,0.0359,0.383,0.0685,0.0965,0.969,125.275,audio_features,43SkTJJ2xleDaeiE4TIM70,spotify:track:43SkTJJ2xleDaeiE4TIM70,https://api.spotify.com/v1/tracks/43SkTJJ2xleDaeiE4TIM70,https://api.spotify.com/v1/audio-analysis/43SkTJJ2xleDaeiE4TIM70,189187,4,Walking The Dog,The Rolling Stones,189186,2024-01-17 19:05:00
0,0.506,0.752,7,-9.016,1,0.0389,0.0711,0.00712,0.06,0.778,142.239,audio_features,15mqVeWrB9bPHgI0s1Vq7w,spotify:track:15mqVeWrB9bPHgI0s1Vq7w,https://api.spotify.com/v1/tracks/15mqVeWrB9bPHgI0s1Vq7w,https://api.spotify.com/v1/audio-analysis/15mqVeWrB9bPHgI0s1Vq7w,219345,4,Victoria (2019 Remaster),The Kinks,219344,2024-01-17 19:09:00
0,0.381,0.706,5,-7.919,1,0.175,0.327,3.32e-05,0.0987,0.674,187.56,audio_features,2rTu7RmEHZuywGbRKg1Bak,spotify:track:2rTu7RmEHZuywGbRKg1Bak,https://api.spotify.com/v1/tracks/2rTu7RmEHZuywGbRKg1Bak,https://api.spotify.com/v1/audio-analysis/2rTu7RmEHZuywGbRKg1Bak,226283,4,"Yes Sir, No Sir (2019 Remaster)",The Kinks,226283,2024-01-17 19:13:00
0,0.23,0.596,2,-8.567,0,0.0387,0.581,0.0,0.155,0.249,162.03,audio_features,4MhVNEeBS8vyQ6kilOFPyk,spotify:track:4MhVNEeBS8vyQ6kilOFPyk,https://api.spotify.com/v1/tracks/4MhVNEeBS8vyQ6kilOFPyk,https://api.spotify.com/v1/audio-analysis/4MhVNEeBS8vyQ6kilOFPyk,204349,4,Some Mother's Son (2019 Remaster),The Kinks,204348,2024-01-17 19:16:00
0,0.572,0.621,2,-9.402,1,0.0365,0.193,3.59e-06,0.467,0.545,118.543,audio_features,3nkf9QtLLfv8XLIhSy2NkD,spotify:track:3nkf9QtLLfv8XLIhSy2NkD,https://api.spotify.com/v1/tracks/3nkf9QtLLfv8XLIhSy2NkD,https://api.spotify.com/v1/audio-analysis/3nkf9QtLLfv8XLIhSy2NkD,199507,4,Drivin' (2019 Remaster),The Kinks,199507,2024-01-17 19:19:00
0,0.482,0.604,2,-9.497,0,0.0416,0.062,0.000316,0.114,0.801,148.922,audio_features,2cyBV14w3Sq1mzrveZR1dM,spotify:track:2cyBV14w3Sq1mzrveZR1dM,https://api.spotify.com/v1/tracks/2cyBV14w3Sq1mzrveZR1dM,https://api.spotify.com/v1/audio-analysis/2cyBV14w3Sq1mzrveZR1dM,154209,4,Brainwashed (2019 Remaster),The Kinks,154209,2024-01-17 19:22:00
0,0.325,0.79,8,-8.776,1,0.0526,0.0307,0.00612,0.0908,0.639,97.965,audio_features,70vcq2B7Yapey8u4BBzM2S,spotify:track:70vcq2B7Yapey8u4BBzM2S,https://api.spotify.com/v1/tracks/70vcq2B7Yapey8u4BBzM2S,https://api.spotify.com/v1/audio-analysis/70vcq2B7Yapey8u4BBzM2S,405583,4,Australia (2019 Remaster),The Kinks,405583,2024-01-17 19:29:00
0,0.395,0.723,0,-8.048,1,0.0585,0.202,0.0,0.108,0.311,112.834,audio_features,2mEq5IjwOEvohBfU5kLBj5,spotify:track:2mEq5IjwOEvohBfU5kLBj5,https://api.spotify.com/v1/tracks/2mEq5IjwOEvohBfU5kLBj5,https://api.spotify.com/v1/audio-analysis/2mEq5IjwOEvohBfU5kLBj5,320528,4,Shangri-La (2019 Remaster),The Kinks,320527,2024-01-17 19:34:00
0,0.375,0.797,5,-8.447,1,0.0423,0.0316,0.0258,0.0785,0.709,95.985,audio_features,5ZVLIhDLazevPOw03VLGKn,spotify:track:5ZVLIhDLazevPOw03VLGKn,https://api.spotify.com/v1/tracks/5ZVLIhDLazevPOw03VLGKn,https://api.spotify.com/v1/audio-analysis/5ZVLIhDLazevPOw03VLGKn,282890,4,Mr. Churchill Says (2019 Remaster),The Kinks,282889,2024-01-17 19:39:00
0,0.484,0.675,7,-8.56,1,0.0611,0.137,0.0,0.149,0.6,114.687,audio_features,59BGPU2jHOZgfaa0pnY9aD,spotify:track:59BGPU2jHOZgfaa0pnY9aD,https://api.spotify.com/v1/tracks/59BGPU2jHOZgfaa0pnY9aD,https://api.spotify.com/v1/audio-analysis/59BGPU2jHOZgfaa0pnY9aD,187280,4,She's Bought a Hat Like Princess Marina (2019 Remaster),The Kinks,187280,2024-01-17 19:42:00
0,0.416,0.239,0,-13.875,1,0.0315,0.619,1.18e-05,0.109,0.182,95.485,audio_features,5iGohJX57k905fsV8QwEIp,spotify:track:5iGohJX57k905fsV8QwEIp,https://api.spotify.com/v1/tracks/5iGohJX57k905fsV8QwEIp,https://api.spotify.com/v1/audio-analysis/5iGohJX57k905fsV8QwEIp,201533,3,Young and Innocent Days (2019 Remaster),The Kinks,201533,2024-01-17 19:45:00
0,0.596,0.686,2,-7.505,1,0.0257,0.0388,0.0,0.0729,0.798,99.188,audio_features,7mMwATqg1Wp3WqEaMgpEjf,spotify:track:7mMwATqg1Wp3WqEaMgpEjf,https://api.spotify.com/v1/tracks/7mMwATqg1Wp3WqEaMgpEjf,https://api.spotify.com/v1/audio-analysis/7mMwATqg1Wp3WqEaMgpEjf,188595,4,Nothing to Say (2019 Remaster),The Kinks,188594,2024-01-17 19:48:00
0,0.593,0.889,2,-7.913,1,0.0352,0.0511,0.0,0.127,0.942,123.413,audio_features,0N7zPCGIOnQRPzNwoUqCvO,spotify:track:0N7zPCGIOnQRPzNwoUqCvO,https://api.spotify.com/v1/tracks/0N7zPCGIOnQRPzNwoUqCvO,https://api.spotify.com/v1/audio-analysis/0N7zPCGIOnQRPzNwoUqCvO,327594,4,Arthur (2019 Remaster),The Kinks,307895,2024-01-17 19:54:00
0,0.787,0.472,2,-12.824,1,0.0832,0.221,0.000336,0.153,0.824,120.059,audio_features,1gcESexgftSuLuML57Y69q,spotify:track:1gcESexgftSuLuML57Y69q,https://api.spotify.com/v1/tracks/1gcESexgftSuLuML57Y69q,https://api.spotify.com/v1/audio-analysis/1gcESexgftSuLuML57Y69q,330643,4,Alright,Pearl Jam,222,2024-01-17 19:59:00
0,0.476,0.907,9,-5.661,1,0.0516,0.0013,6.84e-06,0.167,0.527,149.16,audio_features,7oAS6XiQ8y8wpkRWxQ9MD7,spotify:track:7oAS6XiQ8y8wpkRWxQ9MD7,https://api.spotify.com/v1/tracks/7oAS6XiQ8y8wpkRWxQ9MD7,https://api.spotify.com/v1/audio-analysis/7oAS6XiQ8y8wpkRWxQ9MD7,311587,4,Who Ever Said,Pearl Jam,308286,2024-01-17 19:59:00
0,0.418,0.98,2,-5.318,1,0.0554,0.00332,1.3e-05,0.257,0.571,163.381,audio_features,2gxQigO5StuN5g8AMlWoLI,spotify:track:2gxQigO5StuN5g8AMlWoLI,https://api.spotify.com/v1/tracks/2gxQigO5StuN5g8AMlWoLI,https://api.spotify.com/v1/audio-analysis/2gxQigO5StuN5g8AMlWoLI,257640,4,Never Destination,Pearl Jam,1769,2024-01-17 19:59:00
0,0.734,0.717,11,-7.772,0,0.0413,0.0106,0.000854,0.0796,0.637,113.975,audio_features,58AraOVFl5hUtZuPvaOXFw,spotify:track:58AraOVFl5hUtZuPvaOXFw,https://api.spotify.com/v1/tracks/58AraOVFl5hUtZuPvaOXFw,https://api.spotify.com/v1/audio-analysis/58AraOVFl5hUtZuPvaOXFw,265307,4,Dance Of The Clairvoyants,Pearl Jam,173,2024-01-17 19:59:00
0,0.734,0.717,11,-7.772,0,0.0413,0.0106,0.000854,0.0796,0.637,113.975,audio_features,58AraOVFl5hUtZuPvaOXFw,spotify:track:58AraOVFl5hUtZuPvaOXFw,https://api.spotify.com/v1/tracks/58AraOVFl5hUtZuPvaOXFw,https://api.spotify.com/v1/audio-analysis/58AraOVFl5hUtZuPvaOXFw,265307,4,Dance Of The Clairvoyants,Pearl Jam,1406,2024-01-17 19:59:00
0,0.734,0.717,11,-7.772,0,0.0413,0.0106,0.000854,0.0796,0.637,113.975,audio_features,58AraOVFl5hUtZuPvaOXFw,spotify:track:58AraOVFl5hUtZuPvaOXFw,https://api.spotify.com/v1/tracks/58AraOVFl5hUtZuPvaOXFw,https://api.spotify.com/v1/audio-analysis/58AraOVFl5hUtZuPvaOXFw,265307,4,Dance Of The Clairvoyants,Pearl Jam,171,2024-01-17 19:59:00
0,0.417,0.938,9,-5.277,1,0.0699,0.000172,0.00268,0.46,0.415,163.55,audio_features,6NNIMyZri0m5Dkl1OWeV6m,spotify:track:6NNIMyZri0m5Dkl1OWeV6m,https://api.spotify.com/v1/tracks/6NNIMyZri0m5Dkl1OWeV6m,https://api.spotify.com/v1/audio-analysis/6NNIMyZri0m5Dkl1OWeV6m,286573,4,Quick Escape,Pearl Jam,195,2024-01-17 19:59:00
0,0.417,0.938,9,-5.277,1,0.0699,0.000172,0.00268,0.46,0.415,163.55,audio_features,6NNIMyZri0m5Dkl1OWeV6m,spotify:track:6NNIMyZri0m5Dkl1OWeV6m,https://api.spotify.com/v1/tracks/6NNIMyZri0m5Dkl1OWeV6m,https://api.spotify.com/v1/audio-analysis/6NNIMyZri0m5Dkl1OWeV6m,286573,4,Quick Escape,Pearl Jam,170,2024-01-17 19:59:00
0,0.417,0.938,9,-5.277,1,0.0699,0.000172,0.00268,0.46,0.415,163.55,audio_features,6NNIMyZri0m5Dkl1OWeV6m,spotify:track:6NNIMyZri0m5Dkl1OWeV6m,https://api.spotify.com/v1/tracks/6NNIMyZri0m5Dkl1OWeV6m,https://api.spotify.com/v1/audio-analysis/6NNIMyZri0m5Dkl1OWeV6m,286573,4,Quick Escape,Pearl Jam,190,2024-01-17 19:59:00
0,0.417,0.938,9,-5.277,1,0.0699,0.000172,0.00268,0.46,0.415,163.55,audio_features,6NNIMyZri0m5Dkl1OWeV6m,spotify:track:6NNIMyZri0m5Dkl1OWeV6m,https://api.spotify.com/v1/tracks/6NNIMyZri0m5Dkl1OWeV6m,https://api.spotify.com/v1/audio-analysis/6NNIMyZri0m5Dkl1OWeV6m,286573,4,Quick Escape,Pearl Jam,183,2024-01-17 19:59:00
0,0.417,0.938,9,-5.277,1,0.0699,0.000172,0.00268,0.46,0.415,163.55,audio_features,6NNIMyZri0m5Dkl1OWeV6m,spotify:track:6NNIMyZri0m5Dkl1OWeV6m,https://api.spotify.com/v1/tracks/6NNIMyZri0m5Dkl1OWeV6m,https://api.spotify.com/v1/audio-analysis/6NNIMyZri0m5Dkl1OWeV6m,286573,4,Quick Escape,Pearl Jam,445,2024-01-17 19:59:00
0,0.417,0.938,9,-5.277,1,0.0699,0.000172,0.00268,0.46,0.415,163.55,audio_features,6NNIMyZri0m5Dkl1OWeV6m,spotify:track:6NNIMyZri0m5Dkl1OWeV6m,https://api.spotify.com/v1/tracks/6NNIMyZri0m5Dkl1OWeV6m,https://api.spotify.com/v1/audio-analysis/6NNIMyZri0m5Dkl1OWeV6m,286573,4,Quick Escape,Pearl Jam,212,2024-01-17 19:59:00
0,0.417,0.938,9,-5.277,1,0.0699,0.000172,0.00268,0.46,0.415,163.55,audio_features,6NNIMyZri0m5Dkl1OWeV6m,spotify:track:6NNIMyZri0m5Dkl1OWeV6m,https://api.spotify.com/v1/tracks/6NNIMyZri0m5Dkl1OWeV6m,https://api.spotify.com/v1/audio-analysis/6NNIMyZri0m5Dkl1OWeV6m,286573,4,Quick Escape,Pearl Jam,151,2024-01-17 19:59:00
0,0.414,0.7,5,-8.838,1,0.0301,0.22,0.000721,0.114,0.37,76.79,audio_features,0v0XYK0pLgsPiq5u4FKHaw,spotify:track:0v0XYK0pLgsPiq5u4FKHaw,https://api.spotify.com/v1/tracks/0v0XYK0pLgsPiq5u4FKHaw,https://api.spotify.com/v1/audio-analysis/0v0XYK0pLgsPiq5u4FKHaw,308853,4,Take The Long Way,Pearl Jam,360,2024-01-17 19:59:00
0,0.414,0.7,5,-8.838,1,0.0301,0.22,0.000721,0.114,0.37,76.79,audio_features,0v0XYK0pLgsPiq5u4FKHaw,spotify:track:0v0XYK0pLgsPiq5u4FKHaw,https://api.spotify.com/v1/tracks/0v0XYK0pLgsPiq5u4FKHaw,https://api.spotify.com/v1/audio-analysis/0v0XYK0pLgsPiq5u4FKHaw,308853,4,Take The Long Way,Pearl Jam,2398,2024-01-17 19:59:00
0,0.511,0.93,9,-5.174,1,0.0521,0.00556,0.0,0.395,0.884,153.389,audio_features,7gQm8pZsxA5eXCZMBGV7CA,spotify:track:7gQm8pZsxA5eXCZMBGV7CA,https://api.spotify.com/v1/tracks/7gQm8pZsxA5eXCZMBGV7CA,https://api.spotify.com/v1/audio-analysis/7gQm8pZsxA5eXCZMBGV7CA,229467,4,Superblood Wolfmoon,Pearl Jam,229466,2024-01-17 20:03:00
0,0.734,0.717,11,-7.772,0,0.0413,0.0106,0.000854,0.0796,0.637,113.975,audio_features,58AraOVFl5hUtZuPvaOXFw,spotify:track:58AraOVFl5hUtZuPvaOXFw,https://api.spotify.com/v1/tracks/58AraOVFl5hUtZuPvaOXFw,https://api.spotify.com/v1/audio-analysis/58AraOVFl5hUtZuPvaOXFw,265307,4,Dance Of The Clairvoyants,Pearl Jam,265306,2024-01-17 20:07:00
0,0.417,0.938,9,-5.277,1,0.0699,0.000172,0.00268,0.46,0.415,163.55,audio_features,6NNIMyZri0m5Dkl1OWeV6m,spotify:track:6NNIMyZri0m5Dkl1OWeV6m,https://api.spotify.com/v1/tracks/6NNIMyZri0m5Dkl1OWeV6m,https://api.spotify.com/v1/audio-analysis/6NNIMyZri0m5Dkl1OWeV6m,286573,4,Quick Escape,Pearl Jam,108066,2024-01-17 20:09:00
0,0.513,0.951,0,-6.838,1,0.047,0.0599,0.000221,0.0474,0.672,139.153,audio_features,3g9QJOXLmC8lWnbvA0D0hl,spotify:track:3g9QJOXLmC8lWnbvA0D0hl,https://api.spotify.com/v1/tracks/3g9QJOXLmC8lWnbvA0D0hl,https://api.spotify.com/v1/audio-analysis/3g9QJOXLmC8lWnbvA0D0hl,175387,5,Last Exit - Remastered,Pearl Jam,175386,2024-01-17 20:12:00
0,0.236,0.99,2,-4.719,0,0.095,0.00063,0.0586,0.407,0.141,217.913,audio_features,7Al0ADUt8SCPiQIBbTcNdR,spotify:track:7Al0ADUt8SCPiQIBbTcNdR,https://api.spotify.com/v1/tracks/7Al0ADUt8SCPiQIBbTcNdR,https://api.spotify.com/v1/audio-analysis/7Al0ADUt8SCPiQIBbTcNdR,167613,4,Spin the Black Circle - Remastered,Pearl Jam,167613,2024-01-17 20:15:00
0,0.588,0.676,9,-6.553,1,0.0324,0.0294,0.0235,0.0725,0.13,119.902,audio_features,5gdmwS7vtRb8AGGRio84uX,spotify:track:5gdmwS7vtRb8AGGRio84uX,https://api.spotify.com/v1/tracks/5gdmwS7vtRb8AGGRio84uX,https://api.spotify.com/v1/audio-analysis/5gdmwS7vtRb8AGGRio84uX,352587,4,Not for You - Remastered,Pearl Jam,352586,2024-01-17 20:21:00
0,0.546,0.727,1,-7.361,1,0.025,0.0229,0.00616,0.102,0.598,77.746,audio_features,0TQvjpyA3NfYLrwIhKxSON,spotify:track:0TQvjpyA3NfYLrwIhKxSON,https://api.spotify.com/v1/tracks/0TQvjpyA3NfYLrwIhKxSON,https://api.spotify.com/v1/audio-analysis/0TQvjpyA3NfYLrwIhKxSON,250600,4,Tremor Christ - Remastered,Pearl Jam,250600,2024-01-17 20:25:00
0,0.274,0.387,5,-10.206,1,0.0304,0.499,0.000345,0.108,0.15,96.018,audio_features,74kd56Y1oNbQVEQnMdO9LH,spotify:track:74kd56Y1oNbQVEQnMdO9LH,https://api.spotify.com/v1/tracks/74kd56Y1oNbQVEQnMdO9LH,https://api.spotify.com/v1/audio-analysis/74kd56Y1oNbQVEQnMdO9LH,274440,4,Nothingman - Remastered,Pearl Jam,274440,2024-01-17 20:29:00
0,0.368,0.986,7,-5.016,1,0.0533,0.00323,6.61e-06,0.0787,0.452,165.902,audio_features,0zwjhaBWQEs7LUkuIZFRtl,spotify:track:0zwjhaBWQEs7LUkuIZFRtl,https://api.spotify.com/v1/tracks/0zwjhaBWQEs7LUkuIZFRtl,https://api.spotify.com/v1/audio-analysis/0zwjhaBWQEs7LUkuIZFRtl,154040,4,Whipping - Remastered,Pearl Jam,154040,2024-01-17 20:32:00
0,0.35,0.439,2,-15.798,1,0.0361,0.0435,7.81e-06,0.028,0.315,101.265,audio_features,6Niltvp85DWb4qstAwW0NW,spotify:track:6Niltvp85DWb4qstAwW0NW,https://api.spotify.com/v1/tracks/6Niltvp85DWb4qstAwW0NW,https://api.spotify.com/v1/audio-analysis/6Niltvp85DWb4qstAwW0NW,61400,4,"Pry, To - Remastered",Pearl Jam,61400,2024-01-17 20:33:00
0,0.487,0.93,0,-7.3,1,0.0632,0.00241,2.82e-05,0.0841,0.134,131.304,audio_features,5F6rwEF15hN1jnhNk2YQHn,spotify:track:5F6rwEF15hN1jnhNk2YQHn,https://api.spotify.com/v1/tracks/5F6rwEF15hN1jnhNk2YQHn,https://api.spotify.com/v1/audio-analysis/5F6rwEF15hN1jnhNk2YQHn,277587,4,Corduroy - Remastered,Pearl Jam,277586,2024-01-17 20:38:00
0,0.709,0.357,10,-10.28,1,0.0322,0.737,2.75e-06,0.0745,0.644,65.062,audio_features,25YNWb6yFc2ATkZ7INpatB,spotify:track:25YNWb6yFc2ATkZ7INpatB,https://api.spotify.com/v1/tracks/25YNWb6yFc2ATkZ7INpatB,https://api.spotify.com/v1/audio-analysis/25YNWb6yFc2ATkZ7INpatB,164987,4,Bugs - Remastered,Pearl Jam,164986,2024-01-17 20:40:00
0,0.578,0.954,11,-6.959,0,0.0755,0.00047,7.08e-05,0.329,0.661,139.598,audio_features,7Lcpuetp0oQtELVnd5Hw9s,spotify:track:7Lcpuetp0oQtELVnd5Hw9s,https://api.spotify.com/v1/tracks/7Lcpuetp0oQtELVnd5Hw9s,https://api.spotify.com/v1/audio-analysis/7Lcpuetp0oQtELVnd5Hw9s,204880,5,Satan's Bed - Remastered,Pearl Jam,204880,2024-01-17 20:44:00
0,0.445,0.671,2,-7.937,1,0.0387,0.165,1.56e-05,0.0791,0.267,125.712,audio_features,2B98ljvzqpCVgt5reTHq28,spotify:track:2B98ljvzqpCVgt5reTHq28,https://api.spotify.com/v1/tracks/2B98ljvzqpCVgt5reTHq28,https://api.spotify.com/v1/audio-analysis/2B98ljvzqpCVgt5reTHq28,268587,4,Better Man,Pearl Jam,183079,2024-01-17 20:47:00
0,0.186,0.939,11,-6.119,0,0.114,0.000607,4.18e-05,0.481,0.368,169.966,audio_features,2ciZyChQxTYWayapgNRivS,spotify:track:2ciZyChQxTYWayapgNRivS,https://api.spotify.com/v1/tracks/2ciZyChQxTYWayapgNRivS,https://api.spotify.com/v1/audio-analysis/2ciZyChQxTYWayapgNRivS,180000,4,Brain of J.,Pearl Jam,180000,2024-01-17 20:51:00
0,0.369,0.679,6,-9.729,0,0.0742,0.128,0.0125,0.197,0.508,91.883,audio_features,6TYQRlRci6AkVrN9a5C7ne,spotify:track:6TYQRlRci6AkVrN9a5C7ne,https://api.spotify.com/v1/tracks/6TYQRlRci6AkVrN9a5C7ne,https://api.spotify.com/v1/audio-analysis/6TYQRlRci6AkVrN9a5C7ne,475000,4,War Pigs (2009 - Remaster),Black Sabbath,8620,2024-01-17 20:52:00
0,0.389,0.578,2,-7.453,0,0.034,0.14,0.0,0.34,0.571,90.238,audio_features,2gd0nRAv2Q4Y3KVt7NMbrH,spotify:track:2gd0nRAv2Q4Y3KVt7NMbrH,https://api.spotify.com/v1/tracks/2gd0nRAv2Q4Y3KVt7NMbrH,https://api.spotify.com/v1/audio-analysis/2gd0nRAv2Q4Y3KVt7NMbrH,246027,3,Faithful,Pearl Jam,29861,2024-01-17 20:52:00
0,0.423,0.685,4,-9.651,0,0.078,6.28e-05,0.00642,0.133,0.328,162.78,audio_features,3Jnxngdff0lVu2rza1GVx6,spotify:track:3Jnxngdff0lVu2rza1GVx6,https://api.spotify.com/v1/tracks/3Jnxngdff0lVu2rza1GVx6,https://api.spotify.com/v1/audio-analysis/3Jnxngdff0lVu2rza1GVx6,167720,4,Paranoid (2009 - Remaster),Black Sabbath,80247,2024-01-17 20:53:00
0,0.512,0.524,7,-15.111,1,0.113,0.0092,0.872,0.183,0.582,126.985,audio_features,3ftoEGGpfJ9By9g4obMXG8,spotify:track:3ftoEGGpfJ9By9g4obMXG8,https://api.spotify.com/v1/tracks/3ftoEGGpfJ9By9g4obMXG8,https://api.spotify.com/v1/audio-analysis/3ftoEGGpfJ9By9g4obMXG8,149133,3,Rat Salad (2009 - Remaster),Black Sabbath,72963,2024-01-17 20:54:00
0,0.461,0.572,0,-12.445,0,0.0806,0.0215,0.00012,0.11,0.217,142.006,audio_features,0rID3rchaaFzLeV4kKN46A,spotify:track:0rID3rchaaFzLeV4kKN46A,https://api.spotify.com/v1/tracks/0rID3rchaaFzLeV4kKN46A,https://api.spotify.com/v1/audio-analysis/0rID3rchaaFzLeV4kKN46A,426973,4,Hand of Doom (2009 - Remaster),Black Sabbath,35899,2024-01-17 20:55:00
0,0.345,0.915,4,-7.075,0,0.0607,0.0203,2.96e-06,0.131,0.593,177.555,audio_features,5xu6aPH06QRtfTqwckG7Pb,spotify:track:5xu6aPH06QRtfTqwckG7Pb,https://api.spotify.com/v1/tracks/5xu6aPH06QRtfTqwckG7Pb,https://api.spotify.com/v1/audio-analysis/5xu6aPH06QRtfTqwckG7Pb,246773,4,Stormbringer - 2009 Digital Remaster,Deep Purple,24903,2024-01-17 20:55:00
0,0.465,0.559,4,-10.687,0,0.0282,0.00719,0.00042,0.0596,0.887,166.419,audio_features,3I0S6fO1aypYu55X3M2cHL,spotify:track:3I0S6fO1aypYu55X3M2cHL,https://api.spotify.com/v1/tracks/3I0S6fO1aypYu55X3M2cHL,https://api.spotify.com/v1/audio-analysis/3I0S6fO1aypYu55X3M2cHL,245400,4,The Gypsy - 2009 Digital Remaster,Deep Purple,8389,2024-01-17 20:56:00
0,0.504,0.937,2,-7.859,1,0.0451,8.27e-05,0.0587,0.335,0.435,115.924,audio_features,5uORXVBCCN45rbW5LOuurt,spotify:track:5uORXVBCCN45rbW5LOuurt,https://api.spotify.com/v1/tracks/5uORXVBCCN45rbW5LOuurt,https://api.spotify.com/v1/audio-analysis/5uORXVBCCN45rbW5LOuurt,363440,4,Animate - 2004 Remaster,Rush,11203,2024-01-17 20:56:00
0,0.261,0.795,5,-6.378,1,0.0381,0.00123,5.1e-05,0.16,0.488,99.762,audio_features,3Szho175dsJo76urI0OxEO,spotify:track:3Szho175dsJo76urI0OxEO,https://api.spotify.com/v1/tracks/3Szho175dsJo76urI0OxEO,https://api.spotify.com/v1/audio-analysis/3Szho175dsJo76urI0OxEO,294600,4,Nobody's Hero - 2004 Remaster,Rush,1183,2024-01-17 21:00:00
0,0.535,0.946,0,-5.17,1,0.0453,0.000237,2.85e-05,0.12,0.271,119.971,audio_features,46xRV0s4voxrYJ59emLzB6,spotify:track:46xRV0s4voxrYJ59emLzB6,https://api.spotify.com/v1/tracks/46xRV0s4voxrYJ59emLzB6,https://api.spotify.com/v1/audio-analysis/46xRV0s4voxrYJ59emLzB6,270680,4,Stick It Out - 2004 Remaster,Rush,270680,2024-01-17 21:00:00
0,0.493,0.968,9,-5.638,1,0.0908,0.000429,0.0364,0.0913,0.33,110.022,audio_features,5wi98GNrsv7LsOWOOji0Wt,spotify:track:5wi98GNrsv7LsOWOOji0Wt,https://api.spotify.com/v1/tracks/5wi98GNrsv7LsOWOOji0Wt,https://api.spotify.com/v1/audio-analysis/5wi98GNrsv7LsOWOOji0Wt,288853,4,Cut to the Chase - 2004 Remaster,Rush,6888,2024-01-17 21:00:00
0,0.522,0.947,2,-6.951,1,0.0607,1.02e-05,0.0245,0.116,0.526,119.948,audio_features,43kNCjDBX9dRKO5LSC2Wsc,spotify:track:43kNCjDBX9dRKO5LSC2Wsc,https://api.spotify.com/v1/tracks/43kNCjDBX9dRKO5LSC2Wsc,https://api.spotify.com/v1/audio-analysis/43kNCjDBX9dRKO5LSC2Wsc,291360,3,Double Agent - 2004 Remaster,Rush,218,2024-01-17 21:01:00
0,0.522,0.947,2,-6.951,1,0.0607,1.02e-05,0.0245,0.116,0.526,119.948,audio_features,43kNCjDBX9dRKO5LSC2Wsc,spotify:track:43kNCjDBX9dRKO5LSC2Wsc,https://api.spotify.com/v1/tracks/43kNCjDBX9dRKO5LSC2Wsc,https://api.spotify.com/v1/audio-analysis/43kNCjDBX9dRKO5LSC2Wsc,291360,3,Double Agent - 2004 Remaster,Rush,1098,2024-01-17 21:01:00
0,0.659,0.816,7,-9.678,1,0.0386,0.0236,0.0816,0.0521,0.668,111.195,audio_features,2k0xk8GpsST0pcJ0Wck9tE,spotify:track:2k0xk8GpsST0pcJ0Wck9tE,https://api.spotify.com/v1/tracks/2k0xk8GpsST0pcJ0Wck9tE,https://api.spotify.com/v1/audio-analysis/2k0xk8GpsST0pcJ0Wck9tE,329907,4,Roll the Bones - 2004 Remaster,Rush,1687,2024-01-17 21:01:00
0,0.659,0.816,7,-9.678,1,0.0386,0.0236,0.0816,0.0521,0.668,111.195,audio_features,2k0xk8GpsST0pcJ0Wck9tE,spotify:track:2k0xk8GpsST0pcJ0Wck9tE,https://api.spotify.com/v1/tracks/2k0xk8GpsST0pcJ0Wck9tE,https://api.spotify.com/v1/audio-analysis/2k0xk8GpsST0pcJ0Wck9tE,329907,4,Roll the Bones - 2004 Remaster,Rush,413,2024-01-17 21:01:00
0,0.489,0.954,9,-7.025,0,0.0525,0.000171,0.866,0.332,0.674,119.976,audio_features,32DaPcfAuiQtdvRaOQn7qX,spotify:track:32DaPcfAuiQtdvRaOQn7qX,https://api.spotify.com/v1/tracks/32DaPcfAuiQtdvRaOQn7qX,https://api.spotify.com/v1/audio-analysis/32DaPcfAuiQtdvRaOQn7qX,245827,4,Leave That Thing Alone - 2004 Remaster,Rush,5666,2024-01-17 21:01:00
0,0.489,0.954,9,-7.025,0,0.0525,0.000171,0.866,0.332,0.674,119.976,audio_features,32DaPcfAuiQtdvRaOQn7qX,spotify:track:32DaPcfAuiQtdvRaOQn7qX,https://api.spotify.com/v1/tracks/32DaPcfAuiQtdvRaOQn7qX,https://api.spotify.com/v1/audio-analysis/32DaPcfAuiQtdvRaOQn7qX,245827,4,Leave That Thing Alone - 2004 Remaster,Rush,161,2024-01-17 21:01:00
0,0.511,0.931,7,-5.816,1,0.047,5.74e-05,0.00242,0.148,0.524,122.001,audio_features,4M8k3O09ksiX6CTDWiDpEr,spotify:track:4M8k3O09ksiX6CTDWiDpEr,https://api.spotify.com/v1/tracks/4M8k3O09ksiX6CTDWiDpEr,https://api.spotify.com/v1/audio-analysis/4M8k3O09ksiX6CTDWiDpEr,277773,4,Between Sun & Moon - 2004 Remaster,Rush,2382,2024-01-17 21:01:00
0,0.511,0.931,7,-5.816,1,0.047,5.74e-05,0.00242,0.148,0.524,122.001,audio_features,4M8k3O09ksiX6CTDWiDpEr,spotify:track:4M8k3O09ksiX6CTDWiDpEr,https://api.spotify.com/v1/tracks/4M8k3O09ksiX6CTDWiDpEr,https://api.spotify.com/v1/audio-analysis/4M8k3O09ksiX6CTDWiDpEr,277773,4,Between Sun & Moon - 2004 Remaster,Rush,193,2024-01-17 21:01:00
0,0.512,0.941,2,-6.639,1,0.0638,0.000279,0.00412,0.334,0.67,131.983,audio_features,0IAUgBaT8QFLt1R1TxfK6u,spotify:track:0IAUgBaT8QFLt1R1TxfK6u,https://api.spotify.com/v1/tracks/0IAUgBaT8QFLt1R1TxfK6u,https://api.spotify.com/v1/audio-analysis/0IAUgBaT8QFLt1R1TxfK6u,346320,4,Alien Shore - 2004 Remaster,Rush,1495,2024-01-17 21:01:00
0,0.512,0.941,2,-6.639,1,0.0638,0.000279,0.00412,0.334,0.67,131.983,audio_features,0IAUgBaT8QFLt1R1TxfK6u,spotify:track:0IAUgBaT8QFLt1R1TxfK6u,https://api.spotify.com/v1/tracks/0IAUgBaT8QFLt1R1TxfK6u,https://api.spotify.com/v1/audio-analysis/0IAUgBaT8QFLt1R1TxfK6u,346320,4,Alien Shore - 2004 Remaster,Rush,173,2024-01-17 21:01:00
0,0.646,0.489,4,-10.046,0,0.0417,0.406,1.15e-06,0.241,0.802,100.802,audio_features,4eswKSdbIeYn0gMwZDuvRM,spotify:track:4eswKSdbIeYn0gMwZDuvRM,https://api.spotify.com/v1/tracks/4eswKSdbIeYn0gMwZDuvRM,https://api.spotify.com/v1/audio-analysis/4eswKSdbIeYn0gMwZDuvRM,194187,4,Up to Me,Jethro Tull,2145,2024-01-17 21:01:00
0,0.485,0.939,9,-7.398,0,0.0521,0.000199,0.0197,0.337,0.587,143.964,audio_features,2Azr7JIEFYxaV5kp2RJ5lE,spotify:track:2Azr7JIEFYxaV5kp2RJ5lE,https://api.spotify.com/v1/tracks/2Azr7JIEFYxaV5kp2RJ5lE,https://api.spotify.com/v1/audio-analysis/2Azr7JIEFYxaV5kp2RJ5lE,266493,4,Cold Fire - 2004 Remaster,Rush,1050,2024-01-17 21:01:00
0,0.485,0.939,9,-7.398,0,0.0521,0.000199,0.0197,0.337,0.587,143.964,audio_features,2Azr7JIEFYxaV5kp2RJ5lE,spotify:track:2Azr7JIEFYxaV5kp2RJ5lE,https://api.spotify.com/v1/tracks/2Azr7JIEFYxaV5kp2RJ5lE,https://api.spotify.com/v1/audio-analysis/2Azr7JIEFYxaV5kp2RJ5lE,266493,4,Cold Fire - 2004 Remaster,Rush,166,2024-01-17 21:01:00
0,0.261,0.795,5,-6.378,1,0.0381,0.00123,5.1e-05,0.16,0.488,99.762,audio_features,3Szho175dsJo76urI0OxEO,spotify:track:3Szho175dsJo76urI0OxEO,https://api.spotify.com/v1/tracks/3Szho175dsJo76urI0OxEO,https://api.spotify.com/v1/audio-analysis/3Szho175dsJo76urI0OxEO,294600,4,Nobody's Hero - 2004 Remaster,Rush,154,2024-01-17 21:01:00
0,0.535,0.946,0,-5.17,1,0.0453,0.000237,2.85e-05,0.12,0.271,119.971,audio_features,46xRV0s4voxrYJ59emLzB6,spotify:track:46xRV0s4voxrYJ59emLzB6,https://api.spotify.com/v1/tracks/46xRV0s4voxrYJ59emLzB6,https://api.spotify.com/v1/audio-analysis/46xRV0s4voxrYJ59emLzB6,270680,4,Stick It Out - 2004 Remaster,Rush,255,2024-01-17 21:01:00
0,0.526,0.941,0,-5.91,1,0.0444,6.92e-05,0.00224,0.411,0.798,115.042,audio_features,3KQCdojAu1aO3BZ2G959e1,spotify:track:3KQCdojAu1aO3BZ2G959e1,https://api.spotify.com/v1/tracks/3KQCdojAu1aO3BZ2G959e1,https://api.spotify.com/v1/audio-analysis/3KQCdojAu1aO3BZ2G959e1,301787,4,The Speed of Love - 2004 Remaster,Rush,130,2024-01-17 21:01:00
0,0.526,0.941,0,-5.91,1,0.0444,6.92e-05,0.00224,0.411,0.798,115.042,audio_features,3KQCdojAu1aO3BZ2G959e1,spotify:track:3KQCdojAu1aO3BZ2G959e1,https://api.spotify.com/v1/tracks/3KQCdojAu1aO3BZ2G959e1,https://api.spotify.com/v1/audio-analysis/3KQCdojAu1aO3BZ2G959e1,301787,4,The Speed of Love - 2004 Remaster,Rush,941,2024-01-17 21:01:00
0,0.493,0.968,9,-5.638,1,0.0908,0.000429,0.0364,0.0913,0.33,110.022,audio_features,5wi98GNrsv7LsOWOOji0Wt,spotify:track:5wi98GNrsv7LsOWOOji0Wt,https://api.spotify.com/v1/tracks/5wi98GNrsv7LsOWOOji0Wt,https://api.spotify.com/v1/audio-analysis/5wi98GNrsv7LsOWOOji0Wt,288853,4,Cut to the Chase - 2004 Remaster,Rush,150,2024-01-17 21:01:00
0,0.586,0.829,7,-6.565,1,0.0298,0.000154,4.5e-05,0.285,0.668,119.994,audio_features,5iR2mMuvTlUDbWM0fEMfEJ,spotify:track:5iR2mMuvTlUDbWM0fEMfEJ,https://api.spotify.com/v1/tracks/5iR2mMuvTlUDbWM0fEMfEJ,https://api.spotify.com/v1/audio-analysis/5iR2mMuvTlUDbWM0fEMfEJ,311347,4,Everyday Glory - 2004 Remaster,Rush,374,2024-01-17 21:01:00
0,0.586,0.829,7,-6.565,1,0.0298,0.000154,4.5e-05,0.285,0.668,119.994,audio_features,5iR2mMuvTlUDbWM0fEMfEJ,spotify:track:5iR2mMuvTlUDbWM0fEMfEJ,https://api.spotify.com/v1/tracks/5iR2mMuvTlUDbWM0fEMfEJ,https://api.spotify.com/v1/audio-analysis/5iR2mMuvTlUDbWM0fEMfEJ,311347,4,Everyday Glory - 2004 Remaster,Rush,859,2024-01-17 21:01:00
0,0.535,0.946,0,-5.17,1,0.0453,0.000237,2.85e-05,0.12,0.271,119.971,audio_features,46xRV0s4voxrYJ59emLzB6,spotify:track:46xRV0s4voxrYJ59emLzB6,https://api.spotify.com/v1/tracks/46xRV0s4voxrYJ59emLzB6,https://api.spotify.com/v1/audio-analysis/46xRV0s4voxrYJ59emLzB6,270680,4,Stick It Out - 2004 Remaster,Rush,3966,2024-01-17 21:07:00
0,0.504,0.937,2,-7.859,1,0.0451,8.27e-05,0.0587,0.335,0.435,115.924,audio_features,5uORXVBCCN45rbW5LOuurt,spotify:track:5uORXVBCCN45rbW5LOuurt,https://api.spotify.com/v1/tracks/5uORXVBCCN45rbW5LOuurt,https://api.spotify.com/v1/audio-analysis/5uORXVBCCN45rbW5LOuurt,363440,4,Animate - 2004 Remaster,Rush,363520,2024-01-17 21:07:00
0,0.493,0.968,9,-5.638,1,0.0908,0.000429,0.0364,0.0913,0.33,110.022,audio_features,5wi98GNrsv7LsOWOOji0Wt,spotify:track:5wi98GNrsv7LsOWOOji0Wt,https://api.spotify.com/v1/tracks/5wi98GNrsv7LsOWOOji0Wt,https://api.spotify.com/v1/audio-analysis/5wi98GNrsv7LsOWOOji0Wt,288853,4,Cut to the Chase - 2004 Remaster,Rush,267498,2024-01-17 21:31:00
0,0.493,0.968,9,-5.638,1,0.0908,0.000429,0.0364,0.0913,0.33,110.022,audio_features,5wi98GNrsv7LsOWOOji0Wt,spotify:track:5wi98GNrsv7LsOWOOji0Wt,https://api.spotify.com/v1/tracks/5wi98GNrsv7LsOWOOji0Wt,https://api.spotify.com/v1/audio-analysis/5wi98GNrsv7LsOWOOji0Wt,288853,4,Cut to the Chase - 2004 Remaster,Rush,2315,2024-01-18 18:33:00
0,0.504,0.937,2,-7.859,1,0.0451,8.27e-05,0.0587,0.335,0.435,115.924,audio_features,5uORXVBCCN45rbW5LOuurt,spotify:track:5uORXVBCCN45rbW5LOuurt,https://api.spotify.com/v1/tracks/5uORXVBCCN45rbW5LOuurt,https://api.spotify.com/v1/audio-analysis/5uORXVBCCN45rbW5LOuurt,363440,4,Animate - 2004 Remaster,Rush,363440,2024-01-18 18:39:00
0,0.535,0.946,0,-5.17,1,0.0453,0.000237,2.85e-05,0.12,0.271,119.971,audio_features,46xRV0s4voxrYJ59emLzB6,spotify:track:46xRV0s4voxrYJ59emLzB6,https://api.spotify.com/v1/tracks/46xRV0s4voxrYJ59emLzB6,https://api.spotify.com/v1/audio-analysis/46xRV0s4voxrYJ59emLzB6,270680,4,Stick It Out - 2004 Remaster,Rush,270680,2024-01-18 18:44:00
0,0.493,0.968,9,-5.638,1,0.0908,0.000429,0.0364,0.0913,0.33,110.022,audio_features,5wi98GNrsv7LsOWOOji0Wt,spotify:track:5wi98GNrsv7LsOWOOji0Wt,https://api.spotify.com/v1/tracks/5wi98GNrsv7LsOWOOji0Wt,https://api.spotify.com/v1/audio-analysis/5wi98GNrsv7LsOWOOji0Wt,288853,4,Cut to the Chase - 2004 Remaster,Rush,288853,2024-01-18 18:48:00
0,0.261,0.795,5,-6.378,1,0.0381,0.00123,5.1e-05,0.16,0.488,99.762,audio_features,3Szho175dsJo76urI0OxEO,spotify:track:3Szho175dsJo76urI0OxEO,https://api.spotify.com/v1/tracks/3Szho175dsJo76urI0OxEO,https://api.spotify.com/v1/audio-analysis/3Szho175dsJo76urI0OxEO,294600,4,Nobody's Hero - 2004 Remaster,Rush,294600,2024-01-18 18:53:00
0,0.511,0.931,7,-5.816,1,0.047,5.74e-05,0.00242,0.148,0.524,122.001,audio_features,4M8k3O09ksiX6CTDWiDpEr,spotify:track:4M8k3O09ksiX6CTDWiDpEr,https://api.spotify.com/v1/tracks/4M8k3O09ksiX6CTDWiDpEr,https://api.spotify.com/v1/audio-analysis/4M8k3O09ksiX6CTDWiDpEr,277773,4,Between Sun & Moon - 2004 Remaster,Rush,277773,2024-01-18 18:58:00
0,0.512,0.941,2,-6.639,1,0.0638,0.000279,0.00412,0.334,0.67,131.983,audio_features,0IAUgBaT8QFLt1R1TxfK6u,spotify:track:0IAUgBaT8QFLt1R1TxfK6u,https://api.spotify.com/v1/tracks/0IAUgBaT8QFLt1R1TxfK6u,https://api.spotify.com/v1/audio-analysis/0IAUgBaT8QFLt1R1TxfK6u,346320,4,Alien Shore - 2004 Remaster,Rush,346320,2024-01-18 19:04:00
0,0.526,0.941,0,-5.91,1,0.0444,6.92e-05,0.00224,0.411,0.798,115.042,audio_features,3KQCdojAu1aO3BZ2G959e1,spotify:track:3KQCdojAu1aO3BZ2G959e1,https://api.spotify.com/v1/tracks/3KQCdojAu1aO3BZ2G959e1,https://api.spotify.com/v1/audio-analysis/3KQCdojAu1aO3BZ2G959e1,301787,4,The Speed of Love - 2004 Remaster,Rush,301786,2024-01-18 19:09:00
0,0.522,0.947,2,-6.951,1,0.0607,1.02e-05,0.0245,0.116,0.526,119.948,audio_features,43kNCjDBX9dRKO5LSC2Wsc,spotify:track:43kNCjDBX9dRKO5LSC2Wsc,https://api.spotify.com/v1/tracks/43kNCjDBX9dRKO5LSC2Wsc,https://api.spotify.com/v1/audio-analysis/43kNCjDBX9dRKO5LSC2Wsc,291360,3,Double Agent - 2004 Remaster,Rush,291360,2024-01-18 19:14:00
0,0.489,0.954,9,-7.025,0,0.0525,0.000171,0.866,0.332,0.674,119.976,audio_features,32DaPcfAuiQtdvRaOQn7qX,spotify:track:32DaPcfAuiQtdvRaOQn7qX,https://api.spotify.com/v1/tracks/32DaPcfAuiQtdvRaOQn7qX,https://api.spotify.com/v1/audio-analysis/32DaPcfAuiQtdvRaOQn7qX,245827,4,Leave That Thing Alone - 2004 Remaster,Rush,245826,2024-01-18 19:18:00
0,0.485,0.939,9,-7.398,0,0.0521,0.000199,0.0197,0.337,0.587,143.964,audio_features,2Azr7JIEFYxaV5kp2RJ5lE,spotify:track:2Azr7JIEFYxaV5kp2RJ5lE,https://api.spotify.com/v1/tracks/2Azr7JIEFYxaV5kp2RJ5lE,https://api.spotify.com/v1/audio-analysis/2Azr7JIEFYxaV5kp2RJ5lE,266493,4,Cold Fire - 2004 Remaster,Rush,266493,2024-01-18 19:22:00
0,0.586,0.829,7,-6.565,1,0.0298,0.000154,4.5e-05,0.285,0.668,119.994,audio_features,5iR2mMuvTlUDbWM0fEMfEJ,spotify:track:5iR2mMuvTlUDbWM0fEMfEJ,https://api.spotify.com/v1/tracks/5iR2mMuvTlUDbWM0fEMfEJ,https://api.spotify.com/v1/audio-analysis/5iR2mMuvTlUDbWM0fEMfEJ,311347,4,Everyday Glory - 2004 Remaster,Rush,311346,2024-01-18 19:27:00
0,0.659,0.816,7,-9.678,1,0.0386,0.0236,0.0816,0.0521,0.668,111.195,audio_features,2k0xk8GpsST0pcJ0Wck9tE,spotify:track:2k0xk8GpsST0pcJ0Wck9tE,https://api.spotify.com/v1/tracks/2k0xk8GpsST0pcJ0Wck9tE,https://api.spotify.com/v1/audio-analysis/2k0xk8GpsST0pcJ0Wck9tE,329907,4,Roll the Bones - 2004 Remaster,Rush,329906,2024-01-18 19:33:00
0,0.646,0.489,4,-10.046,0,0.0417,0.406,1.15e-06,0.241,0.802,100.802,audio_features,4eswKSdbIeYn0gMwZDuvRM,spotify:track:4eswKSdbIeYn0gMwZDuvRM,https://api.spotify.com/v1/tracks/4eswKSdbIeYn0gMwZDuvRM,https://api.spotify.com/v1/audio-analysis/4eswKSdbIeYn0gMwZDuvRM,194187,4,Up to Me,Jethro Tull,15152,2024-01-18 19:33:00
0,0.58,0.501,8,-7.495,1,0.181,0.586,2.34e-06,0.117,0.629,104.636,audio_features,0i9oSb46hYVTbSzGfjTF36,spotify:track:0i9oSb46hYVTbSzGfjTF36,https://api.spotify.com/v1/tracks/0i9oSb46hYVTbSzGfjTF36,https://api.spotify.com/v1/audio-analysis/0i9oSb46hYVTbSzGfjTF36,299547,4,Moussolou,Salif Keita,299546,2024-01-18 19:38:00
0,0.787,0.477,4,-10.211,0,0.0406,0.859,0.0269,0.129,0.601,113.978,audio_features,5B2tKDVsPiOzlYl0yirQ97,spotify:track:5B2tKDVsPiOzlYl0yirQ97,https://api.spotify.com/v1/tracks/5B2tKDVsPiOzlYl0yirQ97,https://api.spotify.com/v1/audio-analysis/5B2tKDVsPiOzlYl0yirQ97,297853,4,Djustiça,Ernesto Dabo,297853,2024-01-18 19:43:00
0,0.774,0.8,7,-7.636,1,0.0401,0.641,0.081,0.276,0.844,110.996,audio_features,51PaIl9erUqMhbgsTrlYnp,spotify:track:51PaIl9erUqMhbgsTrlYnp,https://api.spotify.com/v1/tracks/51PaIl9erUqMhbgsTrlYnp,https://api.spotify.com/v1/audio-analysis/51PaIl9erUqMhbgsTrlYnp,235160,4,Ekolo D'Amour,Salif Keita,235160,2024-01-18 19:47:00
0,0.791,0.884,5,-8.841,1,0.0339,0.297,0.0565,0.543,0.955,112.983,audio_features,6DFxJ5NncVCnUnEaRRRWjh,spotify:track:6DFxJ5NncVCnUnEaRRRWjh,https://api.spotify.com/v1/tracks/6DFxJ5NncVCnUnEaRRRWjh,https://api.spotify.com/v1/audio-analysis/6DFxJ5NncVCnUnEaRRRWjh,396733,4,Tekere,Salif Keita,394306,2024-01-18 19:54:00
0,0.756,0.925,7,-8.013,1,0.0343,0.179,0.675,0.313,0.864,115.982,audio_features,60tf3UiAQ1T2ye8gkea28j,spotify:track:60tf3UiAQ1T2ye8gkea28j,https://api.spotify.com/v1/tracks/60tf3UiAQ1T2ye8gkea28j,https://api.spotify.com/v1/audio-analysis/60tf3UiAQ1T2ye8gkea28j,417507,4,Sumun,Salif Keita,417506,2024-01-18 20:01:00
0,0.627,0.397,0,-14.636,1,0.0298,0.683,0.365,0.329,0.666,133.948,audio_features,40EVTXBhQZh5An9OpZ1JPU,spotify:track:40EVTXBhQZh5An9OpZ1JPU,https://api.spotify.com/v1/tracks/40EVTXBhQZh5An9OpZ1JPU,https://api.spotify.com/v1/audio-analysis/40EVTXBhQZh5An9OpZ1JPU,404040,4,Tata Sira,Ami Koita,404040,2024-01-18 20:07:00
0,0.772,0.117,7,-19.095,1,0.112,0.96,0.661,0.0746,0.371,122.988,audio_features,2eU4T7MRPp6HRrKkiS3OAR,spotify:track:2eU4T7MRPp6HRrKkiS3OAR,https://api.spotify.com/v1/tracks/2eU4T7MRPp6HRrKkiS3OAR,https://api.spotify.com/v1/audio-analysis/2eU4T7MRPp6HRrKkiS3OAR,144421,4,Ananaming,Salif Keita,144420,2024-01-18 20:10:00
0,0.551,0.488,4,-11.583,0,0.0321,0.804,0.0,0.264,0.855,156.152,audio_features,3TPr2Em1i454nDS8UJbaFW,spotify:track:3TPr2Em1i454nDS8UJbaFW,https://api.spotify.com/v1/tracks/3TPr2Em1i454nDS8UJbaFW,https://api.spotify.com/v1/audio-analysis/3TPr2Em1i454nDS8UJbaFW,224507,4,Petit pays,Cesária Evora,224506,2024-01-18 20:13:00
0,0.546,0.463,9,-9.482,0,0.0404,0.432,2.17e-05,0.373,0.487,127.358,audio_features,6eiNId3AGNPOArzZebcmxz,spotify:track:6eiNId3AGNPOArzZebcmxz,https://api.spotify.com/v1/tracks/6eiNId3AGNPOArzZebcmxz,https://api.spotify.com/v1/audio-analysis/6eiNId3AGNPOArzZebcmxz,188918,4,Sabine Larga’m,Cesária Evora,188917,2024-01-18 20:17:00
0,0.752,0.662,0,-10.561,0,0.0362,0.335,1.9e-06,0.0775,0.694,92.025,audio_features,2PeDoi5nGBPabIsf1IPrIO,spotify:track:2PeDoi5nGBPabIsf1IPrIO,https://api.spotify.com/v1/tracks/2PeDoi5nGBPabIsf1IPrIO,https://api.spotify.com/v1/audio-analysis/2PeDoi5nGBPabIsf1IPrIO,270627,4,Mandela,Salif Keita,270626,2024-01-18 20:21:00
0,0.781,0.818,1,-7.374,1,0.0429,0.131,0.00314,0.103,0.942,130.003,audio_features,3U9NVmsEdrTutU49F1ykvf,spotify:track:3U9NVmsEdrTutU49F1ykvf,https://api.spotify.com/v1/tracks/3U9NVmsEdrTutU49F1ykvf,https://api.spotify.com/v1/audio-analysis/3U9NVmsEdrTutU49F1ykvf,252889,4,Gyae Su,Pat Thomas,252889,2024-01-18 20:25:00
0,0.454,0.146,2,-14.209,1,0.0548,0.946,4.84e-06,0.12,0.593,83.261,audio_features,2J5un0wOs5NXkpys5CvMRa,spotify:track:2J5un0wOs5NXkpys5CvMRa,https://api.spotify.com/v1/tracks/2J5un0wOs5NXkpys5CvMRa,https://api.spotify.com/v1/audio-analysis/2J5un0wOs5NXkpys5CvMRa,213412,3,Alama,Fatoumata Diawara,213412,2024-01-18 20:29:00
0,0.774,0.847,7,-5.533,0,0.036,0.00995,0.772,0.0469,0.961,127.986,audio_features,3Z9uims4BXsx1DtETrjNDo,spotify:track:3Z9uims4BXsx1DtETrjNDo,https://api.spotify.com/v1/tracks/3Z9uims4BXsx1DtETrjNDo,https://api.spotify.com/v1/audio-analysis/3Z9uims4BXsx1DtETrjNDo,191693,4,Madan,Salif Keita,359733,2024-01-18 20:35:00
0,0.763,0.451,4,-10.693,0,0.0397,0.376,0.117,0.211,0.173,110.001,audio_features,5gciWzZRdQHiWkyBaHPSdB,spotify:track:5gciWzZRdQHiWkyBaHPSdB,https://api.spotify.com/v1/tracks/5gciWzZRdQHiWkyBaHPSdB,https://api.spotify.com/v1/audio-analysis/5gciWzZRdQHiWkyBaHPSdB,214293,4,Kanou Dan Yen,Fatoumata Diawara,214293,2024-01-18 20:39:00
0,0.533,0.57,8,-8.401,1,0.0489,0.22,0.0847,0.061,0.836,147.847,audio_features,20bADGvjOrrAUbgZFDhJqY,spotify:track:20bADGvjOrrAUbgZFDhJqY,https://api.spotify.com/v1/tracks/20bADGvjOrrAUbgZFDhJqY,https://api.spotify.com/v1/audio-analysis/20bADGvjOrrAUbgZFDhJqY,310760,4,Thiely,Etoile De Dakar,310760,2024-01-18 20:44:00
0,0.299,0.0896,5,-15.727,0,0.0361,0.886,0.000207,0.0709,0.47,185.897,audio_features,0YPHxhTtceIbXF5ioGEwGO,spotify:track:0YPHxhTtceIbXF5ioGEwGO,https://api.spotify.com/v1/tracks/0YPHxhTtceIbXF5ioGEwGO,https://api.spotify.com/v1/audio-analysis/0YPHxhTtceIbXF5ioGEwGO,267693,4,Folon,Salif Keita,267693,2024-01-18 20:48:00
0,0.879,0.321,7,-13.283,1,0.0761,0.0836,0.00636,0.0407,0.669,145.896,audio_features,715xBsUYDEePxm9D8rZKbN,spotify:track:715xBsUYDEePxm9D8rZKbN,https://api.spotify.com/v1/tracks/715xBsUYDEePxm9D8rZKbN,https://api.spotify.com/v1/audio-analysis/715xBsUYDEePxm9D8rZKbN,306840,4,Dakan-Fe,Salif Keita,306840,2024-01-18 20:53:00
0,0.362,0.442,2,-8.666,0,0.033,0.708,1.91e-06,0.164,0.763,90.948,audio_features,5xnGiHH272nyEujqK4Na2T,spotify:track:5xnGiHH272nyEujqK4Na2T,https://api.spotify.com/v1/tracks/5xnGiHH272nyEujqK4Na2T,https://api.spotify.com/v1/audio-analysis/5xnGiHH272nyEujqK4Na2T,235240,3,M'ba den ou,Idrissa Soumaoro,235240,2024-01-18 20:57:00
0,0.76,0.54,11,-9.147,0,0.188,0.404,0.000479,0.15,0.787,111.929,audio_features,50asly8sz2D3T28w0fWLNp,spotify:track:50asly8sz2D3T28w0fWLNp,https://api.spotify.com/v1/tracks/50asly8sz2D3T28w0fWLNp,https://api.spotify.com/v1/audio-analysis/50asly8sz2D3T28w0fWLNp,193419,4,Bakonoba,Fatoumata Diawara,193419,2024-01-18 21:00:00
0,0.596,0.408,4,-13.785,0,0.0518,0.906,0.000238,0.111,0.851,117.642,audio_features,1PHvFKlYUVJsBpDawCOSk8,spotify:track:1PHvFKlYUVJsBpDawCOSk8,https://api.spotify.com/v1/tracks/1PHvFKlYUVJsBpDawCOSk8,https://api.spotify.com/v1/audio-analysis/1PHvFKlYUVJsBpDawCOSk8,177201,4,Woñi,Blick Bassy,177201,2024-01-18 21:03:00
0,0.443,0.563,7,-15.16,0,0.0372,0.432,0.000127,0.0529,0.883,90.548,audio_features,4Mr2YyX1Sk0vSJlOwOoQ5J,spotify:track:4Mr2YyX1Sk0vSJlOwOoQ5J,https://api.spotify.com/v1/tracks/4Mr2YyX1Sk0vSJlOwOoQ5J,https://api.spotify.com/v1/audio-analysis/4Mr2YyX1Sk0vSJlOwOoQ5J,285867,5,Wamba,Salif Keita,285866,2024-01-18 21:08:00
0,0.322,0.911,9,-6.307,1,0.0532,0.144,0.817,0.799,0.428,167.614,audio_features,5l7bd81MKwsV99RwJWi8pk,spotify:track:5l7bd81MKwsV99RwJWi8pk,https://api.spotify.com/v1/tracks/5l7bd81MKwsV99RwJWi8pk,https://api.spotify.com/v1/audio-analysis/5l7bd81MKwsV99RwJWi8pk,221533,4,The Last Time,Andrew Oldham Orchestra,1266,2024-01-18 21:10:00
0,0.77,0.47,8,-12.034,1,0.0479,0.687,1.02e-05,0.0533,0.867,105.794,audio_features,52vMWINBrhwuTaTg1tTVLa,spotify:track:52vMWINBrhwuTaTg1tTVLa,https://api.spotify.com/v1/tracks/52vMWINBrhwuTaTg1tTVLa,https://api.spotify.com/v1/audio-analysis/52vMWINBrhwuTaTg1tTVLa,270267,4,Angola,Cesária Evora,99147,2024-01-18 21:10:00
0,0.322,0.911,9,-6.307,1,0.0532,0.144,0.817,0.799,0.428,167.614,audio_features,5l7bd81MKwsV99RwJWi8pk,spotify:track:5l7bd81MKwsV99RwJWi8pk,https://api.spotify.com/v1/tracks/5l7bd81MKwsV99RwJWi8pk,https://api.spotify.com/v1/audio-analysis/5l7bd81MKwsV99RwJWi8pk,221533,4,The Last Time,Andrew Oldham Orchestra,136586,2024-01-18 21:12:00
0,0.581,0.673,0,-7.847,1,0.0282,0.2,0.0127,0.165,0.736,112.517,audio_features,0WA0Hrs35rxlN0z8MeznUH,spotify:track:0WA0Hrs35rxlN0z8MeznUH,https://api.spotify.com/v1/tracks/0WA0Hrs35rxlN0z8MeznUH,https://api.spotify.com/v1/audio-analysis/0WA0Hrs35rxlN0z8MeznUH,148813,4,Blue Turns To Grey,Andrew Oldham Orchestra,50535,2024-01-18 21:13:00
0,0.709,0.68,7,-6.634,1,0.0306,0.315,0.16,0.141,0.965,109.909,audio_features,2fHJ2Bp5URhvjTrWNFFsvY,spotify:track:2fHJ2Bp5URhvjTrWNFFsvY,https://api.spotify.com/v1/tracks/2fHJ2Bp5URhvjTrWNFFsvY,https://api.spotify.com/v1/audio-analysis/2fHJ2Bp5URhvjTrWNFFsvY,203600,4,Jiving Sister Fanny,The Rolling Stones,4046,2024-01-18 21:13:00
0,0.399,0.655,9,-9.608,0,0.0365,0.23,0.0646,0.346,0.66,187.586,audio_features,1QNH4LUVmXPLS4cRdwGjFj,spotify:track:1QNH4LUVmXPLS4cRdwGjFj,https://api.spotify.com/v1/tracks/1QNH4LUVmXPLS4cRdwGjFj,https://api.spotify.com/v1/audio-analysis/1QNH4LUVmXPLS4cRdwGjFj,165253,3,Heart Of Stone,The Rolling Stones,227066,2024-01-18 21:17:00
0,0.507,0.537,7,-10.732,1,0.0314,0.0402,1.88e-06,0.181,0.836,127.437,audio_features,5l547qhRU2DTC49o3UNZnf,spotify:track:5l547qhRU2DTC49o3UNZnf,https://api.spotify.com/v1/tracks/5l547qhRU2DTC49o3UNZnf,https://api.spotify.com/v1/audio-analysis/5l547qhRU2DTC49o3UNZnf,202440,4,Out Of Time - Strings Version,The Rolling Stones,202440,2024-01-18 21:20:00
0,0.394,0.645,2,-10.624,1,0.0448,0.794,3.13e-06,0.223,0.705,127.016,audio_features,2f0PZkI5f66PEio4UIltOW,spotify:track:2f0PZkI5f66PEio4UIltOW,https://api.spotify.com/v1/tracks/2f0PZkI5f66PEio4UIltOW,https://api.spotify.com/v1/audio-analysis/2f0PZkI5f66PEio4UIltOW,131507,4,I'd Much Rather Be With The Boys,The Rolling Stones,131506,2024-01-18 21:24:00
0,0.482,0.949,5,-4.892,1,0.0387,0.00155,0.0,0.181,0.754,121.323,audio_features,0l2vW8nSDZQHm3deN1Vjtd,spotify:track:0l2vW8nSDZQHm3deN1Vjtd,https://api.spotify.com/v1/tracks/0l2vW8nSDZQHm3deN1Vjtd,https://api.spotify.com/v1/audio-analysis/0l2vW8nSDZQHm3deN1Vjtd,172467,4,I'm Going Down,The Rolling Stones,78228,2024-01-18 21:25:00
0,0.503,0.343,6,-13.648,0,0.0273,0.763,0.00523,0.143,0.65,98.99,audio_features,6N2DTFQZjW9vz0NteQWV42,spotify:track:6N2DTFQZjW9vz0NteQWV42,https://api.spotify.com/v1/tracks/6N2DTFQZjW9vz0NteQWV42,https://api.spotify.com/v1/audio-analysis/6N2DTFQZjW9vz0NteQWV42,348600,4,Blackjack Davey,Bob Dylan,38405,2024-01-18 21:26:00
0,0.399,0.655,9,-9.608,0,0.0365,0.23,0.0646,0.346,0.66,187.586,audio_features,1QNH4LUVmXPLS4cRdwGjFj,spotify:track:1QNH4LUVmXPLS4cRdwGjFj,https://api.spotify.com/v1/tracks/1QNH4LUVmXPLS4cRdwGjFj,https://api.spotify.com/v1/audio-analysis/1QNH4LUVmXPLS4cRdwGjFj,165253,3,Heart Of Stone,The Rolling Stones,1840,2024-01-18 21:26:00
0,0.559,0.704,9,-9.887,1,0.0742,0.0322,2.46e-06,0.401,0.768,82.947,audio_features,4cHBP73V974hbCl66gvWsi,spotify:track:4cHBP73V974hbCl66gvWsi,https://api.spotify.com/v1/tracks/4cHBP73V974hbCl66gvWsi,https://api.spotify.com/v1/audio-analysis/4cHBP73V974hbCl66gvWsi,247907,4,Memo From Turner,The Rolling Stones,3694,2024-01-18 21:26:00
0,0.709,0.68,7,-6.634,1,0.0306,0.315,0.16,0.141,0.965,109.909,audio_features,2fHJ2Bp5URhvjTrWNFFsvY,spotify:track:2fHJ2Bp5URhvjTrWNFFsvY,https://api.spotify.com/v1/tracks/2fHJ2Bp5URhvjTrWNFFsvY,https://api.spotify.com/v1/audio-analysis/2fHJ2Bp5URhvjTrWNFFsvY,203600,4,Jiving Sister Fanny,The Rolling Stones,2360,2024-01-18 21:26:00
0,0.371,0.769,2,-10.308,0,0.0461,0.11,0.0,0.0968,0.584,136.107,audio_features,18zvuxpGK81DaxSyiuDwF9,spotify:track:18zvuxpGK81DaxSyiuDwF9,https://api.spotify.com/v1/tracks/18zvuxpGK81DaxSyiuDwF9,https://api.spotify.com/v1/audio-analysis/18zvuxpGK81DaxSyiuDwF9,137227,4,Try A Little Harder,The Rolling Stones,137226,2024-01-18 21:29:00
0,0.228,0.66,2,-12.044,1,0.0402,0.0177,0.0,0.168,0.756,174.489,audio_features,3con0nVkmWIVUuGlGABdH4,spotify:track:3con0nVkmWIVUuGlGABdH4,https://api.spotify.com/v1/tracks/3con0nVkmWIVUuGlGABdH4,https://api.spotify.com/v1/audio-analysis/3con0nVkmWIVUuGlGABdH4,170613,3,(Walkin' Thru The) Sleepy City,The Rolling Stones,170613,2024-01-18 21:31:00
0,0.272,0.553,1,-10.031,1,0.0543,0.345,0.00103,0.239,0.178,188.313,audio_features,4Fo647WpC9gj1BadFxCgKI,spotify:track:4Fo647WpC9gj1BadFxCgKI,https://api.spotify.com/v1/tracks/4Fo647WpC9gj1BadFxCgKI,https://api.spotify.com/v1/audio-analysis/4Fo647WpC9gj1BadFxCgKI,180600,4,I Don't Know Why (Aka Don't Know Why I Love You),The Rolling Stones,180600,2024-01-18 21:34:00
0,0.304,0.375,7,-11.646,1,0.0296,0.528,1.8e-05,0.309,0.291,82.447,audio_features,7cRtPQJDcyOTSoT86TIF3x,spotify:track:7cRtPQJDcyOTSoT86TIF3x,https://api.spotify.com/v1/tracks/7cRtPQJDcyOTSoT86TIF3x,https://api.spotify.com/v1/audio-analysis/7cRtPQJDcyOTSoT86TIF3x,167640,4,Each And Every Day Of The Year,The Rolling Stones,167640,2024-01-18 21:37:00
0,0.507,0.537,7,-10.732,1,0.0314,0.0402,1.88e-06,0.181,0.836,127.437,audio_features,5l547qhRU2DTC49o3UNZnf,spotify:track:5l547qhRU2DTC49o3UNZnf,https://api.spotify.com/v1/tracks/5l547qhRU2DTC49o3UNZnf,https://api.spotify.com/v1/audio-analysis/5l547qhRU2DTC49o3UNZnf,202440,4,Out Of Time - Strings Version,The Rolling Stones,4191,2024-01-18 21:41:00
0,0.394,0.645,2,-10.624,1,0.0448,0.794,3.13e-06,0.223,0.705,127.016,audio_features,2f0PZkI5f66PEio4UIltOW,spotify:track:2f0PZkI5f66PEio4UIltOW,https://api.spotify.com/v1/tracks/2f0PZkI5f66PEio4UIltOW,https://api.spotify.com/v1/audio-analysis/2f0PZkI5f66PEio4UIltOW,131507,4,I'd Much Rather Be With The Boys,The Rolling Stones,1685,2024-01-18 21:41:00
0,0.512,0.575,2,-8.118,1,0.0394,0.359,0.0,0.174,0.458,117.475,audio_features,00LSjdSsvOOUPqA5B84QiP,spotify:track:00LSjdSsvOOUPqA5B84QiP,https://api.spotify.com/v1/tracks/00LSjdSsvOOUPqA5B84QiP,https://api.spotify.com/v1/audio-analysis/00LSjdSsvOOUPqA5B84QiP,232067,4,Downtown Suzie,The Rolling Stones,232066,2024-01-18 21:41:00
0,0.33,0.66,7,-12.165,1,0.0405,0.000668,0.000452,0.378,0.776,80.422,audio_features,3FZ2j9movudRtWOOwUvLm9,spotify:track:3FZ2j9movudRtWOOwUvLm9,https://api.spotify.com/v1/tracks/3FZ2j9movudRtWOOwUvLm9,https://api.spotify.com/v1/audio-analysis/3FZ2j9movudRtWOOwUvLm9,161960,4,We're Wastin' Time,The Rolling Stones,161960,2024-01-18 21:44:00
0,0.819,0.605,2,-13.83,0,0.132,0.669,0.0163,0.199,0.797,108.892,audio_features,2GVEs1sn5Q1jB1976vQoAX,spotify:track:2GVEs1sn5Q1jB1976vQoAX,https://api.spotify.com/v1/tracks/2GVEs1sn5Q1jB1976vQoAX,https://api.spotify.com/v1/audio-analysis/2GVEs1sn5Q1jB1976vQoAX,185533,4,Family,The Rolling Stones,239271,2024-01-18 21:48:00
0,0.666,0.704,7,-9.232,1,0.0369,0.109,0.000771,0.0374,0.712,135.27,audio_features,5ONAX863sdNWywdC7WzO9S,spotify:track:5ONAX863sdNWywdC7WzO9S,https://api.spotify.com/v1/tracks/5ONAX863sdNWywdC7WzO9S,https://api.spotify.com/v1/audio-analysis/5ONAX863sdNWywdC7WzO9S,269467,4,Eileen (2015 Remaster),Keith Richards,269466,2024-01-18 21:52:00
0,0.77,0.381,10,-15.085,1,0.03,0.441,0.00331,0.115,0.894,104.291,audio_features,2CK9U23KHK8aO9ZgMDLLQH,spotify:track:2CK9U23KHK8aO9ZgMDLLQH,https://api.spotify.com/v1/tracks/2CK9U23KHK8aO9ZgMDLLQH,https://api.spotify.com/v1/audio-analysis/2CK9U23KHK8aO9ZgMDLLQH,298952,4,Hate It When You Leave (2015 - Remaster),Keith Richards,3427,2024-01-18 21:52:00
0,0.728,0.663,0,-8.337,1,0.0301,0.0587,0.0354,0.103,0.964,114.687,audio_features,2GH09GzZg397jiClzEuYSk,spotify:track:2GH09GzZg397jiClzEuYSk,https://api.spotify.com/v1/tracks/2GH09GzZg397jiClzEuYSk,https://api.spotify.com/v1/audio-analysis/2GH09GzZg397jiClzEuYSk,200067,4,Runnin' Too Deep (2015 - Remaster),Keith Richards,200066,2024-01-18 21:56:00
0,0.763,0.288,0,-14.778,1,0.0394,0.635,0.356,0.0934,0.734,96.529,audio_features,6K2YTsQGxkXFnwWSaSurQK,spotify:track:6K2YTsQGxkXFnwWSaSurQK,https://api.spotify.com/v1/tracks/6K2YTsQGxkXFnwWSaSurQK,https://api.spotify.com/v1/audio-analysis/6K2YTsQGxkXFnwWSaSurQK,288267,4,Demon (2015 - Remaster),Keith Richards,288266,2024-01-18 22:01:00
0,0.767,0.633,9,-8.649,1,0.0399,0.129,0.000482,0.0472,0.811,123.549,audio_features,4WWYJnDWUnxJhI8XtmwLoq,spotify:track:4WWYJnDWUnxJhI8XtmwLoq,https://api.spotify.com/v1/tracks/4WWYJnDWUnxJhI8XtmwLoq,https://api.spotify.com/v1/audio-analysis/4WWYJnDWUnxJhI8XtmwLoq,320107,4,Bodytalks (2015 - Remaster),Keith Richards,1107,2024-01-18 22:05:00
0,0.788,0.413,2,-14.184,1,0.0341,0.374,0.115,0.111,0.609,116.427,audio_features,1UlXMusK7oWN6OelYmd71V,spotify:track:1UlXMusK7oWN6OelYmd71V,https://api.spotify.com/v1/tracks/1UlXMusK7oWN6OelYmd71V,https://api.spotify.com/v1/audio-analysis/1UlXMusK7oWN6OelYmd71V,282800,4,Yap Yap (2015 - Remaster),Keith Richards,282800,2024-01-18 22:05:00
0,0.853,0.258,6,-12.989,1,0.054,0.0281,0.0113,0.0242,0.569,133.126,audio_features,50VbxfTmuVWoxWemKJvdeo,spotify:track:50VbxfTmuVWoxWemKJvdeo,https://api.spotify.com/v1/tracks/50VbxfTmuVWoxWemKJvdeo,https://api.spotify.com/v1/audio-analysis/50VbxfTmuVWoxWemKJvdeo,395427,4,Words of Wonder (2015 - Remaster),Keith Richards,6355,2024-01-18 22:05:00
0,0.689,0.62,7,-10.601,1,0.0337,0.286,1.7e-06,0.0368,0.962,110.859,audio_features,1ctbifxOT2htAVAUdnMScf,spotify:track:1ctbifxOT2htAVAUdnMScf,https://api.spotify.com/v1/tracks/1ctbifxOT2htAVAUdnMScf,https://api.spotify.com/v1/audio-analysis/1ctbifxOT2htAVAUdnMScf,285263,4,Wicked As It Seems (2015 Remaster),Keith Richards,1171,2024-01-18 22:06:00
0,0.701,0.677,7,-8.724,1,0.0367,0.0559,0.188,0.338,0.95,124.612,audio_features,0RLdz63IlopqfSdVCxeV1Y,spotify:track:0RLdz63IlopqfSdVCxeV1Y,https://api.spotify.com/v1/tracks/0RLdz63IlopqfSdVCxeV1Y,https://api.spotify.com/v1/audio-analysis/0RLdz63IlopqfSdVCxeV1Y,303680,4,Will But You Won't (2015 - Remaster),Keith Richards,1355,2024-01-18 22:06:00
0,0.554,0.889,9,-8.673,1,0.0388,0.0531,0.00403,0.125,0.65,126.768,audio_features,4sKfkKM09mr2J2PHQlTSUS,spotify:track:4sKfkKM09mr2J2PHQlTSUS,https://api.spotify.com/v1/tracks/4sKfkKM09mr2J2PHQlTSUS,https://api.spotify.com/v1/audio-analysis/4sKfkKM09mr2J2PHQlTSUS,350533,4,999 (2015 - Remaster),Keith Richards,350533,2024-01-18 22:11:00
0,0.77,0.381,10,-15.085,1,0.03,0.441,0.00331,0.115,0.894,104.291,audio_features,2CK9U23KHK8aO9ZgMDLLQH,spotify:track:2CK9U23KHK8aO9ZgMDLLQH,https://api.spotify.com/v1/tracks/2CK9U23KHK8aO9ZgMDLLQH,https://api.spotify.com/v1/audio-analysis/2CK9U23KHK8aO9ZgMDLLQH,298952,4,Hate It When You Leave (2010 - Remaster),Keith Richards,298951,2024-01-18 22:16:00
0,0.563,0.104,11,-18.145,1,0.0483,0.514,0.000229,0.118,0.695,135.06,audio_features,4FXREN155PIrKEDbfR4riS,spotify:track:4FXREN155PIrKEDbfR4riS,https://api.spotify.com/v1/tracks/4FXREN155PIrKEDbfR4riS,https://api.spotify.com/v1/audio-analysis/4FXREN155PIrKEDbfR4riS,169200,3,Some Day the Sun Won't Shine for You - 2001 Remaster,Jethro Tull,4560,2024-01-18 22:16:00
0,0.656,0.386,11,-14.402,1,0.0299,0.0106,5.15e-06,0.0414,0.746,114.27,audio_features,2BwPiXqPBg4c7KTmJMrDYR,spotify:track:2BwPiXqPBg4c7KTmJMrDYR,https://api.spotify.com/v1/tracks/2BwPiXqPBg4c7KTmJMrDYR,https://api.spotify.com/v1/audio-analysis/2BwPiXqPBg4c7KTmJMrDYR,172478,4,Ain't Got No Money - 2011 Remaster,Frankie Miller,2107,2024-01-18 22:16:00
0,0.459,0.732,7,-9.372,1,0.0282,0.118,0.00106,0.22,0.892,110.553,audio_features,1ciyo6fXse9dyYhxnVXUIi,spotify:track:1ciyo6fXse9dyYhxnVXUIi,https://api.spotify.com/v1/tracks/1ciyo6fXse9dyYhxnVXUIi,https://api.spotify.com/v1/audio-analysis/1ciyo6fXse9dyYhxnVXUIi,266867,4,Well All Right,Blind Faith,1826,2024-01-18 22:20:00
0,0.563,0.729,5,-8.51,1,0.0329,0.206,0.0045,0.13,0.727,110.82,audio_features,6TXBbGLm89krX2OzBt5eMo,spotify:track:6TXBbGLm89krX2OzBt5eMo,https://api.spotify.com/v1/tracks/6TXBbGLm89krX2OzBt5eMo,https://api.spotify.com/v1/audio-analysis/6TXBbGLm89krX2OzBt5eMo,216013,4,My Guitar Wants To Kill Your Mama,Frank Zappa,199933,2024-01-18 22:20:00
0,0.573,0.388,7,-13.922,1,0.0269,0.218,0.00127,0.11,0.806,105.825,audio_features,7w1OJlqxiRxnC4ct8yNN1n,spotify:track:7w1OJlqxiRxnC4ct8yNN1n,https://api.spotify.com/v1/tracks/7w1OJlqxiRxnC4ct8yNN1n,https://api.spotify.com/v1/audio-analysis/7w1OJlqxiRxnC4ct8yNN1n,177867,4,Questions,Buffalo Springfield,3678,2024-01-18 22:20:00
0,0.596,0.902,7,-8.483,1,0.0429,0.225,2.12e-05,0.0733,0.669,120.538,audio_features,2K82npvnQeZF772nbWdUsK,spotify:track:2K82npvnQeZF772nbWdUsK,https://api.spotify.com/v1/tracks/2K82npvnQeZF772nbWdUsK,https://api.spotify.com/v1/audio-analysis/2K82npvnQeZF772nbWdUsK,196800,4,Take It So Hard (2010 - Remaster),Keith Richards,1210,2024-01-18 22:20:00
0,0.699,0.842,10,-10.393,0,0.0378,0.134,0.147,0.07,0.823,112.257,audio_features,1hctUe0KE3L8iJihlCi3PN,spotify:track:1hctUe0KE3L8iJihlCi3PN,https://api.spotify.com/v1/tracks/1hctUe0KE3L8iJihlCi3PN,https://api.spotify.com/v1/audio-analysis/1hctUe0KE3L8iJihlCi3PN,241640,4,Guitar Man,J.J. Cale,1807,2024-01-18 22:20:00
0,0.596,0.902,7,-8.483,1,0.0429,0.225,2.12e-05,0.0733,0.669,120.538,audio_features,2K82npvnQeZF772nbWdUsK,spotify:track:2K82npvnQeZF772nbWdUsK,https://api.spotify.com/v1/tracks/2K82npvnQeZF772nbWdUsK,https://api.spotify.com/v1/audio-analysis/2K82npvnQeZF772nbWdUsK,196800,4,Take It So Hard (2010 - Remaster),Keith Richards,196800,2024-01-18 22:23:00
0,0.683,0.296,7,-15.301,1,0.0341,0.663,4.47e-06,0.082,0.826,97.363,audio_features,5RsfvV4oSchEPH6t93C1lR,spotify:track:5RsfvV4oSchEPH6t93C1lR,https://api.spotify.com/v1/tracks/5RsfvV4oSchEPH6t93C1lR,https://api.spotify.com/v1/audio-analysis/5RsfvV4oSchEPH6t93C1lR,232800,4,Mother Goose,Jethro Tull,7154,2024-01-18 22:27:00
0,0.624,0.682,6,-7.274,0,0.0302,0.615,0.252,0.288,0.432,122.084,audio_features,65f8Ca4HbZCMLhpZPTHW4O,spotify:track:65f8Ca4HbZCMLhpZPTHW4O,https://api.spotify.com/v1/tracks/65f8Ca4HbZCMLhpZPTHW4O,https://api.spotify.com/v1/audio-analysis/65f8Ca4HbZCMLhpZPTHW4O,295893,4,What It Is,Robin Trower,897,2024-01-18 22:27:00
0,0.607,0.838,9,-6.582,0,0.0585,0.164,0.0402,0.301,0.494,105.172,audio_features,1wfnDqdw9DpIWmCRUxAlQc,spotify:track:1wfnDqdw9DpIWmCRUxAlQc,https://api.spotify.com/v1/tracks/1wfnDqdw9DpIWmCRUxAlQc,https://api.spotify.com/v1/audio-analysis/1wfnDqdw9DpIWmCRUxAlQc,238187,4,Black Woman (2005 - Remaster),Peter Green,3114,2024-01-18 22:27:00
0,0.699,0.842,10,-10.393,0,0.0378,0.134,0.147,0.07,0.823,112.257,audio_features,1hctUe0KE3L8iJihlCi3PN,spotify:track:1hctUe0KE3L8iJihlCi3PN,https://api.spotify.com/v1/tracks/1hctUe0KE3L8iJihlCi3PN,https://api.spotify.com/v1/audio-analysis/1hctUe0KE3L8iJihlCi3PN,241640,4,Guitar Man,J.J. Cale,241640,2024-01-18 22:27:00
0,0.607,0.838,9,-6.582,0,0.0585,0.164,0.0402,0.301,0.494,105.172,audio_features,1wfnDqdw9DpIWmCRUxAlQc,spotify:track:1wfnDqdw9DpIWmCRUxAlQc,https://api.spotify.com/v1/tracks/1wfnDqdw9DpIWmCRUxAlQc,https://api.spotify.com/v1/audio-analysis/1wfnDqdw9DpIWmCRUxAlQc,238187,4,Black Woman (2005 - Remaster),Peter Green,238186,2024-01-18 22:31:00
0,0.554,0.818,2,-6.864,1,0.0362,0.0779,0.0106,0.341,0.512,142.339,audio_features,1zdmeAd3wE2VlrrxpAAEgr,spotify:track:1zdmeAd3wE2VlrrxpAAEgr,https://api.spotify.com/v1/tracks/1zdmeAd3wE2VlrrxpAAEgr,https://api.spotify.com/v1/audio-analysis/1zdmeAd3wE2VlrrxpAAEgr,130720,4,Love Ain't For Keeping,The Who,4177,2024-01-18 22:35:00
0,0.624,0.682,6,-7.274,0,0.0302,0.615,0.252,0.288,0.432,122.084,audio_features,65f8Ca4HbZCMLhpZPTHW4O,spotify:track:65f8Ca4HbZCMLhpZPTHW4O,https://api.spotify.com/v1/tracks/65f8Ca4HbZCMLhpZPTHW4O,https://api.spotify.com/v1/audio-analysis/65f8Ca4HbZCMLhpZPTHW4O,295893,4,What It Is,Robin Trower,204666,2024-01-18 22:35:00
0,0.732,0.207,9,-11.336,1,0.044,0.837,0.0877,0.106,0.507,92.236,audio_features,2lbU7u0bezTVMkCdgCay2Y,spotify:track:2lbU7u0bezTVMkCdgCay2Y,https://api.spotify.com/v1/tracks/2lbU7u0bezTVMkCdgCay2Y,https://api.spotify.com/v1/audio-analysis/2lbU7u0bezTVMkCdgCay2Y,112573,3,Crosseyed Heart,Keith Richards,112573,2024-01-18 22:37:00
0,0.626,0.679,0,-6.408,1,0.0362,0.757,3.11e-05,0.229,0.709,81.955,audio_features,77MP2LuSmhaE0xYojaot94,spotify:track:77MP2LuSmhaE0xYojaot94,https://api.spotify.com/v1/tracks/77MP2LuSmhaE0xYojaot94,https://api.spotify.com/v1/audio-analysis/77MP2LuSmhaE0xYojaot94,261053,4,Over The Hill,John Hiatt,2275,2024-01-18 22:40:00
0,0.664,0.417,0,-13.238,1,0.0389,0.819,5.69e-05,0.153,0.94,75.013,audio_features,1v96RybZESo59gXCI0i96s,spotify:track:1v96RybZESo59gXCI0i96s,https://api.spotify.com/v1/tracks/1v96RybZESo59gXCI0i96s,https://api.spotify.com/v1/audio-analysis/1v96RybZESo59gXCI0i96s,118667,4,I Ain't Got You - 2015 Remaster,The Yardbirds,2414,2024-01-18 22:40:00
0,0.302,0.24,2,-19.21,1,0.0503,0.843,0.00137,0.105,0.52,81.883,audio_features,2Iw8NdkOuNNfelLSzuSE1m,spotify:track:2Iw8NdkOuNNfelLSzuSE1m,https://api.spotify.com/v1/tracks/2Iw8NdkOuNNfelLSzuSE1m,https://api.spotify.com/v1/audio-analysis/2Iw8NdkOuNNfelLSzuSE1m,277347,3,Look into the Sun - Steven Wilson Stereo Remix,Jethro Tull,5586,2024-01-18 22:40:00
0,0.541,0.635,4,-14.886,0,0.039,0.0653,0.00154,0.367,0.893,155.025,audio_features,1ISz4HqLEsrtjYQNDdflAf,spotify:track:1ISz4HqLEsrtjYQNDdflAf,https://api.spotify.com/v1/tracks/1ISz4HqLEsrtjYQNDdflAf,https://api.spotify.com/v1/audio-analysis/1ISz4HqLEsrtjYQNDdflAf,181307,4,Hold on Baby,J.J. Cale,181306,2024-01-18 22:40:00
0,0.621,0.473,4,-13.014,0,0.0347,0.375,0.0598,0.695,0.378,105.98,audio_features,3gm5WrMD7NksUyOe2Vbg2H,spotify:track:3gm5WrMD7NksUyOe2Vbg2H,https://api.spotify.com/v1/tracks/3gm5WrMD7NksUyOe2Vbg2H,https://api.spotify.com/v1/audio-analysis/3gm5WrMD7NksUyOe2Vbg2H,327600,4,Green Manalishi - Studio,Peter Green,1250,2024-01-18 22:40:00
0,0.626,0.679,0,-6.408,1,0.0362,0.757,3.11e-05,0.229,0.709,81.955,audio_features,77MP2LuSmhaE0xYojaot94,spotify:track:77MP2LuSmhaE0xYojaot94,https://api.spotify.com/v1/tracks/77MP2LuSmhaE0xYojaot94,https://api.spotify.com/v1/audio-analysis/77MP2LuSmhaE0xYojaot94,261053,4,Over The Hill,John Hiatt,261053,2024-01-18 22:44:00
0,0.666,0.802,0,-5.253,1,0.0301,0.111,0.000223,0.12,0.827,113.374,audio_features,6PSVb2av2BKWpeKrj41BvD,spotify:track:6PSVb2av2BKWpeKrj41BvD,https://api.spotify.com/v1/tracks/6PSVb2av2BKWpeKrj41BvD,https://api.spotify.com/v1/audio-analysis/6PSVb2av2BKWpeKrj41BvD,270133,4,All The Way To The River,John Hiatt,1004,2024-01-18 22:45:00
0,0.654,0.737,7,-4.827,1,0.0355,0.34,1.39e-05,0.125,0.906,113.242,audio_features,23WNiYgkgu8sD6fTzASk0L,spotify:track:23WNiYgkgu8sD6fTzASk0L,https://api.spotify.com/v1/tracks/23WNiYgkgu8sD6fTzASk0L,https://api.spotify.com/v1/audio-analysis/23WNiYgkgu8sD6fTzASk0L,235840,4,Cry To Me,John Hiatt,26932,2024-01-18 22:45:00
0,0.621,0.473,4,-13.014,0,0.0347,0.375,0.0598,0.695,0.378,105.98,audio_features,3gm5WrMD7NksUyOe2Vbg2H,spotify:track:3gm5WrMD7NksUyOe2Vbg2H,https://api.spotify.com/v1/tracks/3gm5WrMD7NksUyOe2Vbg2H,https://api.spotify.com/v1/audio-analysis/3gm5WrMD7NksUyOe2Vbg2H,327600,4,Green Manalishi - Studio,Peter Green,13741,2024-01-18 22:45:00
0,0.465,0.302,2,-9.52,1,0.049,0.874,0.0062,0.116,0.402,183.973,audio_features,49v30MefG7rPPyXBrDc6cq,spotify:track:49v30MefG7rPPyXBrDc6cq,https://api.spotify.com/v1/tracks/49v30MefG7rPPyXBrDc6cq,https://api.spotify.com/v1/audio-analysis/49v30MefG7rPPyXBrDc6cq,201547,4,Aces Up Your Sleeve,John Hiatt,1045,2024-01-18 22:45:00
0,0.641,0.928,7,-4.082,1,0.0513,0.873,0.0,0.306,0.963,75.238,audio_features,1pv8GtCrzijLRlRQXaOuxm,spotify:track:1pv8GtCrzijLRlRQXaOuxm,https://api.spotify.com/v1/tracks/1pv8GtCrzijLRlRQXaOuxm,https://api.spotify.com/v1/audio-analysis/1pv8GtCrzijLRlRQXaOuxm,177067,4,Poor Imitation Of God,John Hiatt,12481,2024-01-18 22:56:00
0,0.566,0.0193,2,-26.684,1,0.0614,0.991,0.893,0.0878,0.326,102.349,audio_features,76UK5gKqUosKutmEnBtWeY,spotify:track:76UK5gKqUosKutmEnBtWeY,https://api.spotify.com/v1/tracks/76UK5gKqUosKutmEnBtWeY,https://api.spotify.com/v1/audio-analysis/76UK5gKqUosKutmEnBtWeY,190560,4,Ronsard (De Platero y Yo),Mario Castelnuovo-Tedesco,96787,2024-01-19 05:58:00
0,0.373,0.423,0,-12.577,0,0.0358,0.253,0.527,0.141,0.425,120.941,audio_features,07wbIsFWkJSfkbVFSsp7Ne,spotify:track:07wbIsFWkJSfkbVFSsp7Ne,https://api.spotify.com/v1/tracks/07wbIsFWkJSfkbVFSsp7Ne,https://api.spotify.com/v1/audio-analysis/07wbIsFWkJSfkbVFSsp7Ne,320387,4,Rhayader Goes To Town,Camel,9503,2024-01-19 05:59:00
0,0.654,0.737,7,-4.827,1,0.0355,0.34,1.39e-05,0.125,0.906,113.242,audio_features,23WNiYgkgu8sD6fTzASk0L,spotify:track:23WNiYgkgu8sD6fTzASk0L,https://api.spotify.com/v1/tracks/23WNiYgkgu8sD6fTzASk0L,https://api.spotify.com/v1/audio-analysis/23WNiYgkgu8sD6fTzASk0L,235840,4,Cry To Me,John Hiatt,235840,2024-01-19 06:03:00
0,0.666,0.802,0,-5.253,1,0.0301,0.111,0.000223,0.12,0.827,113.374,audio_features,6PSVb2av2BKWpeKrj41BvD,spotify:track:6PSVb2av2BKWpeKrj41BvD,https://api.spotify.com/v1/tracks/6PSVb2av2BKWpeKrj41BvD,https://api.spotify.com/v1/audio-analysis/6PSVb2av2BKWpeKrj41BvD,270133,4,All The Way To The River,John Hiatt,270133,2024-01-19 06:08:00
0,0.465,0.302,2,-9.52,1,0.049,0.874,0.0062,0.116,0.402,183.973,audio_features,49v30MefG7rPPyXBrDc6cq,spotify:track:49v30MefG7rPPyXBrDc6cq,https://api.spotify.com/v1/tracks/49v30MefG7rPPyXBrDc6cq,https://api.spotify.com/v1/audio-analysis/49v30MefG7rPPyXBrDc6cq,201547,4,Aces Up Your Sleeve,John Hiatt,201546,2024-01-19 06:11:00
0,0.641,0.928,7,-4.082,1,0.0513,0.873,0.0,0.306,0.963,75.238,audio_features,1pv8GtCrzijLRlRQXaOuxm,spotify:track:1pv8GtCrzijLRlRQXaOuxm,https://api.spotify.com/v1/tracks/1pv8GtCrzijLRlRQXaOuxm,https://api.spotify.com/v1/audio-analysis/1pv8GtCrzijLRlRQXaOuxm,177067,4,Poor Imitation Of God,John Hiatt,177066,2024-01-19 06:14:00
0,0.634,0.595,9,-8.06,0,0.0308,0.667,0.0047,0.117,0.755,79.997,audio_features,4DgbYBFQDYFg8QBZj7vAtG,spotify:track:4DgbYBFQDYFg8QBZj7vAtG,https://api.spotify.com/v1/tracks/4DgbYBFQDYFg8QBZj7vAtG,https://api.spotify.com/v1/audio-analysis/4DgbYBFQDYFg8QBZj7vAtG,243560,4,Nothing In My Heart,John Hiatt,243560,2024-01-19 06:18:00
0,0.626,0.679,0,-6.408,1,0.0362,0.757,3.11e-05,0.229,0.709,81.955,audio_features,77MP2LuSmhaE0xYojaot94,spotify:track:77MP2LuSmhaE0xYojaot94,https://api.spotify.com/v1/tracks/77MP2LuSmhaE0xYojaot94,https://api.spotify.com/v1/audio-analysis/77MP2LuSmhaE0xYojaot94,261053,4,Over The Hill,John Hiatt,261053,2024-01-19 06:23:00
0,0.717,0.841,4,-4.648,1,0.0318,0.619,3.08e-06,0.0976,0.971,122.878,audio_features,5lrBLIyTCttE8i2d2RIZTW,spotify:track:5lrBLIyTCttE8i2d2RIZTW,https://api.spotify.com/v1/tracks/5lrBLIyTCttE8i2d2RIZTW,https://api.spotify.com/v1/audio-analysis/5lrBLIyTCttE8i2d2RIZTW,223480,4,Outrunning My Soul,John Hiatt,223480,2024-01-19 06:26:00
0,0.605,0.509,0,-8.996,1,0.0448,0.429,0.00112,0.111,0.369,94.614,audio_features,0nLL7yDvg5CTbloQVSbMeO,spotify:track:0nLL7yDvg5CTbloQVSbMeO,https://api.spotify.com/v1/tracks/0nLL7yDvg5CTbloQVSbMeO,https://api.spotify.com/v1/audio-analysis/0nLL7yDvg5CTbloQVSbMeO,195467,4,Hide Your Tears,John Hiatt,195466,2024-01-19 06:30:00
0,0.739,0.476,4,-6.679,1,0.0372,0.63,0.000668,0.114,0.499,80.064,audio_features,6n6LjU0X5JDrhU7EoLXPUg,spotify:track:6n6LjU0X5JDrhU7EoLXPUg,https://api.spotify.com/v1/tracks/6n6LjU0X5JDrhU7EoLXPUg,https://api.spotify.com/v1/audio-analysis/6n6LjU0X5JDrhU7EoLXPUg,245987,4,The Odds Of Loving You,John Hiatt,245986,2024-01-19 06:34:00
0,0.534,0.884,9,-4.356,1,0.0554,0.125,0.0547,0.22,0.555,138.277,audio_features,5LJ1jP5BHcOmGATHUEH8dc,spotify:track:5LJ1jP5BHcOmGATHUEH8dc,https://api.spotify.com/v1/tracks/5LJ1jP5BHcOmGATHUEH8dc,https://api.spotify.com/v1/audio-analysis/5LJ1jP5BHcOmGATHUEH8dc,220853,5,One Stiff Breeze,John Hiatt,82704,2024-01-19 06:35:00
0,0.572,0.49,5,-7.804,1,0.0397,0.905,0.00624,0.102,0.782,204.382,audio_features,2c5ZkkdKVHWFEt5QKH8N6z,spotify:track:2c5ZkkdKVHWFEt5QKH8N6z,https://api.spotify.com/v1/tracks/2c5ZkkdKVHWFEt5QKH8N6z,https://api.spotify.com/v1/audio-analysis/2c5ZkkdKVHWFEt5QKH8N6z,264000,4,Robber's Highway,John Hiatt,4065,2024-01-19 06:39:00
0,0.626,0.679,0,-6.408,1,0.0362,0.757,3.11e-05,0.229,0.709,81.955,audio_features,77MP2LuSmhaE0xYojaot94,spotify:track:77MP2LuSmhaE0xYojaot94,https://api.spotify.com/v1/tracks/77MP2LuSmhaE0xYojaot94,https://api.spotify.com/v1/audio-analysis/77MP2LuSmhaE0xYojaot94,261053,4,Over The Hill,John Hiatt,181183,2024-01-19 06:39:00
0,0.626,0.679,0,-6.408,1,0.0362,0.757,3.11e-05,0.229,0.709,81.955,audio_features,77MP2LuSmhaE0xYojaot94,spotify:track:77MP2LuSmhaE0xYojaot94,https://api.spotify.com/v1/tracks/77MP2LuSmhaE0xYojaot94,https://api.spotify.com/v1/audio-analysis/77MP2LuSmhaE0xYojaot94,261053,4,Over The Hill,John Hiatt,136277,2024-01-19 07:04:00
0,0.388,0.726,7,-6.911,1,0.0341,0.0447,0.113,0.213,0.746,205.07,audio_features,1Tnixg8lMEydzmBsZzxQpR,spotify:track:1Tnixg8lMEydzmBsZzxQpR,https://api.spotify.com/v1/tracks/1Tnixg8lMEydzmBsZzxQpR,https://api.spotify.com/v1/audio-analysis/1Tnixg8lMEydzmBsZzxQpR,306840,4,Light Years,Pearl Jam,3452,2024-01-19 07:27:00
0,0.738,0.654,5,-12.66,1,0.0291,0.115,0.0,0.101,0.897,134.55,audio_features,2SjEYBSenEHbHTpUX1joAi,spotify:track:2SjEYBSenEHbHTpUX1joAi,https://api.spotify.com/v1/tracks/2SjEYBSenEHbHTpUX1joAi,https://api.spotify.com/v1/audio-analysis/2SjEYBSenEHbHTpUX1joAi,217000,4,Slow Turning,John Hiatt,43320,2024-01-19 07:27:00
0,0.304,0.918,9,-6.965,1,0.0853,0.045,0.31,0.325,0.267,159.454,audio_features,669ifzXUEcPg764RzK3ZHG,spotify:track:669ifzXUEcPg764RzK3ZHG,https://api.spotify.com/v1/tracks/669ifzXUEcPg764RzK3ZHG,https://api.spotify.com/v1/audio-analysis/669ifzXUEcPg764RzK3ZHG,139400,4,Breakerfall,Pearl Jam,139400,2024-01-19 07:29:00
0,0.249,0.887,2,-5.264,1,0.058,0.00383,1e-05,0.301,0.581,159.043,audio_features,1V7mawuVyy1dq3mINIwBTZ,spotify:track:1V7mawuVyy1dq3mINIwBTZ,https://api.spotify.com/v1/tracks/1V7mawuVyy1dq3mINIwBTZ,https://api.spotify.com/v1/audio-analysis/1V7mawuVyy1dq3mINIwBTZ,146027,4,Gods' Dice,Pearl Jam,138104,2024-01-19 07:31:00
0,0.325,0.786,7,-8.462,1,0.0332,0.00635,0.0269,0.468,0.422,182.596,audio_features,2BcBRQk7ODkwWmLgVmcdoW,spotify:track:2BcBRQk7ODkwWmLgVmcdoW,https://api.spotify.com/v1/tracks/2BcBRQk7ODkwWmLgVmcdoW,https://api.spotify.com/v1/audio-analysis/2BcBRQk7ODkwWmLgVmcdoW,219333,4,Can't Keep,Pearl Jam,219333,2024-01-19 07:35:00
0,0.298,0.947,4,-6.583,0,0.0637,0.0205,0.000408,0.223,0.558,161.817,audio_features,4ilxCIvCVtBppVykx9UDaX,spotify:track:4ilxCIvCVtBppVykx9UDaX,https://api.spotify.com/v1/tracks/4ilxCIvCVtBppVykx9UDaX,https://api.spotify.com/v1/audio-analysis/4ilxCIvCVtBppVykx9UDaX,230027,4,Save You,Pearl Jam,230026,2024-01-19 07:39:00
0,0.414,0.728,0,-5.954,1,0.0421,0.148,0.00187,0.115,0.176,123.542,audio_features,1chdbWCaBaoQUQLWEfew5l,spotify:track:1chdbWCaBaoQUQLWEfew5l,https://api.spotify.com/v1/tracks/1chdbWCaBaoQUQLWEfew5l,https://api.spotify.com/v1/audio-analysis/1chdbWCaBaoQUQLWEfew5l,276373,4,Love Boat Captain,Pearl Jam,276373,2024-01-19 07:44:00
0,0.5,0.894,7,-5.572,1,0.0452,0.00152,0.000166,0.111,0.539,124.488,audio_features,55LCdeXqozDZa2PClAERJn,spotify:track:55LCdeXqozDZa2PClAERJn,https://api.spotify.com/v1/tracks/55LCdeXqozDZa2PClAERJn,https://api.spotify.com/v1/audio-analysis/55LCdeXqozDZa2PClAERJn,231800,4,Cropduster,Pearl Jam,231800,2024-01-19 07:49:00
0,0.631,0.619,11,-15.582,0,0.0288,0.675,0.322,0.127,0.955,132.035,audio_features,2Q5g6lSz6tRBkkSmxud3FK,spotify:track:2Q5g6lSz6tRBkkSmxud3FK,https://api.spotify.com/v1/tracks/2Q5g6lSz6tRBkkSmxud3FK,https://api.spotify.com/v1/audio-analysis/2Q5g6lSz6tRBkkSmxud3FK,242173,4,Ghost,Pearl Jam,97981,2024-01-19 08:00:00
0,0.298,0.947,4,-6.583,0,0.0637,0.0205,0.000408,0.223,0.558,161.817,audio_features,4ilxCIvCVtBppVykx9UDaX,spotify:track:4ilxCIvCVtBppVykx9UDaX,https://api.spotify.com/v1/tracks/4ilxCIvCVtBppVykx9UDaX,https://api.spotify.com/v1/audio-analysis/4ilxCIvCVtBppVykx9UDaX,230027,4,Save You,Pearl Jam,10472,2024-01-19 09:58:00
0,0.414,0.728,0,-5.954,1,0.0421,0.148,0.00187,0.115,0.176,123.542,audio_features,1chdbWCaBaoQUQLWEfew5l,spotify:track:1chdbWCaBaoQUQLWEfew5l,https://api.spotify.com/v1/tracks/1chdbWCaBaoQUQLWEfew5l,https://api.spotify.com/v1/audio-analysis/1chdbWCaBaoQUQLWEfew5l,276373,4,Love Boat Captain,Pearl Jam,6843,2024-01-19 09:58:00
0,0.626,0.679,0,-6.408,1,0.0362,0.757,3.11e-05,0.229,0.709,81.955,audio_features,77MP2LuSmhaE0xYojaot94,spotify:track:77MP2LuSmhaE0xYojaot94,https://api.spotify.com/v1/tracks/77MP2LuSmhaE0xYojaot94,https://api.spotify.com/v1/audio-analysis/77MP2LuSmhaE0xYojaot94,261053,4,Over The Hill,John Hiatt,263778,2024-01-19 10:02:00
0,0.298,0.947,4,-6.583,0,0.0637,0.0205,0.000408,0.223,0.558,161.817,audio_features,4ilxCIvCVtBppVykx9UDaX,spotify:track:4ilxCIvCVtBppVykx9UDaX,https://api.spotify.com/v1/tracks/4ilxCIvCVtBppVykx9UDaX,https://api.spotify.com/v1/audio-analysis/4ilxCIvCVtBppVykx9UDaX,230027,4,Save You,Pearl Jam,119978,2024-01-19 10:20:00
0,0.298,0.947,4,-6.583,0,0.0637,0.0205,0.000408,0.223,0.558,161.817,audio_features,4ilxCIvCVtBppVykx9UDaX,spotify:track:4ilxCIvCVtBppVykx9UDaX,https://api.spotify.com/v1/tracks/4ilxCIvCVtBppVykx9UDaX,https://api.spotify.com/v1/audio-analysis/4ilxCIvCVtBppVykx9UDaX,230027,4,Save You,Pearl Jam,230026,2024-01-19 15:22:00
0,0.414,0.728,0,-5.954,1,0.0421,0.148,0.00187,0.115,0.176,123.542,audio_features,1chdbWCaBaoQUQLWEfew5l,spotify:track:1chdbWCaBaoQUQLWEfew5l,https://api.spotify.com/v1/tracks/1chdbWCaBaoQUQLWEfew5l,https://api.spotify.com/v1/audio-analysis/1chdbWCaBaoQUQLWEfew5l,276373,4,Love Boat Captain,Pearl Jam,276373,2024-01-19 15:27:00
0,0.5,0.894,7,-5.572,1,0.0452,0.00152,0.000166,0.111,0.539,124.488,audio_features,55LCdeXqozDZa2PClAERJn,spotify:track:55LCdeXqozDZa2PClAERJn,https://api.spotify.com/v1/tracks/55LCdeXqozDZa2PClAERJn,https://api.spotify.com/v1/audio-analysis/55LCdeXqozDZa2PClAERJn,231800,4,Cropduster,Pearl Jam,231800,2024-01-19 15:31:00
0,0.631,0.619,11,-15.582,0,0.0288,0.675,0.322,0.127,0.955,132.035,audio_features,2Q5g6lSz6tRBkkSmxud3FK,spotify:track:2Q5g6lSz6tRBkkSmxud3FK,https://api.spotify.com/v1/tracks/2Q5g6lSz6tRBkkSmxud3FK,https://api.spotify.com/v1/audio-analysis/2Q5g6lSz6tRBkkSmxud3FK,242173,4,Ghost,Pearl Jam,194293,2024-01-19 15:34:00
0,0.323,0.728,7,-5.416,1,0.0321,0.00394,0.000447,0.102,0.489,161.586,audio_features,79pY2Z5eFvXMt9bSdHLrnA,spotify:track:79pY2Z5eFvXMt9bSdHLrnA,https://api.spotify.com/v1/tracks/79pY2Z5eFvXMt9bSdHLrnA,https://api.spotify.com/v1/audio-analysis/79pY2Z5eFvXMt9bSdHLrnA,215333,3,I Am Mine,Pearl Jam,215333,2024-01-19 15:38:00
0,0.61,0.456,2,-10.68,1,0.0295,0.53,0.00213,0.106,0.256,115.596,audio_features,42JkURlKrerwh2JdlwEkg4,spotify:track:42JkURlKrerwh2JdlwEkg4,https://api.spotify.com/v1/tracks/42JkURlKrerwh2JdlwEkg4,https://api.spotify.com/v1/audio-analysis/42JkURlKrerwh2JdlwEkg4,248160,4,Thumbing My Way,Pearl Jam,248160,2024-01-19 15:42:00
0,0.297,0.182,1,-10.944,1,0.0298,0.846,0.00267,0.134,0.092,83.391,audio_features,1gJOqXpRjz9GeEEwQpcujK,spotify:track:1gJOqXpRjz9GeEEwQpcujK,https://api.spotify.com/v1/tracks/1gJOqXpRjz9GeEEwQpcujK,https://api.spotify.com/v1/audio-analysis/1gJOqXpRjz9GeEEwQpcujK,159640,3,You Are,Pearl Jam,268693,2024-01-19 15:46:00
0,0.741,0.759,0,-5.096,0,0.12,0.0218,0.0,0.628,0.362,97.084,audio_features,0rLzyBecRbTpnBWvMtPVFR,spotify:track:0rLzyBecRbTpnBWvMtPVFR,https://api.spotify.com/v1/tracks/0rLzyBecRbTpnBWvMtPVFR,https://api.spotify.com/v1/audio-analysis/0rLzyBecRbTpnBWvMtPVFR,225533,4,Get Right,Pearl Jam,158506,2024-01-19 15:49:00
0,0.387,0.948,9,-4.202,1,0.0721,0.00491,0.000154,0.158,0.532,174.033,audio_features,4Yp5xUxJWRJrg8MFK3CeEv,spotify:track:4Yp5xUxJWRJrg8MFK3CeEv,https://api.spotify.com/v1/tracks/4Yp5xUxJWRJrg8MFK3CeEv,https://api.spotify.com/v1/audio-analysis/4Yp5xUxJWRJrg8MFK3CeEv,161160,4,Green Disease,Pearl Jam,142200,2024-01-19 16:02:00
0,0.626,0.679,0,-6.408,1,0.0362,0.757,3.11e-05,0.229,0.709,81.955,audio_features,77MP2LuSmhaE0xYojaot94,spotify:track:77MP2LuSmhaE0xYojaot94,https://api.spotify.com/v1/tracks/77MP2LuSmhaE0xYojaot94,https://api.spotify.com/v1/audio-analysis/77MP2LuSmhaE0xYojaot94,261053,4,Over The Hill,John Hiatt,261053,2024-01-19 18:25:00
0,0.717,0.841,4,-4.648,1,0.0318,0.619,3.08e-06,0.0976,0.971,122.878,audio_features,5lrBLIyTCttE8i2d2RIZTW,spotify:track:5lrBLIyTCttE8i2d2RIZTW,https://api.spotify.com/v1/tracks/5lrBLIyTCttE8i2d2RIZTW,https://api.spotify.com/v1/audio-analysis/5lrBLIyTCttE8i2d2RIZTW,223480,4,Outrunning My Soul,John Hiatt,54339,2024-01-19 18:26:00
0,0.605,0.509,0,-8.996,1,0.0448,0.429,0.00112,0.111,0.369,94.614,audio_features,0nLL7yDvg5CTbloQVSbMeO,spotify:track:0nLL7yDvg5CTbloQVSbMeO,https://api.spotify.com/v1/tracks/0nLL7yDvg5CTbloQVSbMeO,https://api.spotify.com/v1/audio-analysis/0nLL7yDvg5CTbloQVSbMeO,195467,4,Hide Your Tears,John Hiatt,1451,2024-01-19 18:26:00
0,0.534,0.884,9,-4.356,1,0.0554,0.125,0.0547,0.22,0.555,138.277,audio_features,5LJ1jP5BHcOmGATHUEH8dc,spotify:track:5LJ1jP5BHcOmGATHUEH8dc,https://api.spotify.com/v1/tracks/5LJ1jP5BHcOmGATHUEH8dc,https://api.spotify.com/v1/audio-analysis/5LJ1jP5BHcOmGATHUEH8dc,220853,5,One Stiff Breeze,John Hiatt,7868,2024-01-19 18:26:00
0,0.626,0.679,0,-6.408,1,0.0362,0.757,3.11e-05,0.229,0.709,81.955,audio_features,77MP2LuSmhaE0xYojaot94,spotify:track:77MP2LuSmhaE0xYojaot94,https://api.spotify.com/v1/tracks/77MP2LuSmhaE0xYojaot94,https://api.spotify.com/v1/audio-analysis/77MP2LuSmhaE0xYojaot94,261053,4,Over The Hill,John Hiatt,234039,2024-01-19 18:30:00
0,0.662,0.352,4,-13.699,1,0.0289,0.00212,0.0886,0.0466,0.806,99.465,audio_features,73y0mGCThZGwIeXZWMOiXU,spotify:track:73y0mGCThZGwIeXZWMOiXU,https://api.spotify.com/v1/tracks/73y0mGCThZGwIeXZWMOiXU,https://api.spotify.com/v1/audio-analysis/73y0mGCThZGwIeXZWMOiXU,260027,4,Riding With The King,John Hiatt,257666,2024-01-19 18:34:00
0,0.67,0.528,4,-14.075,1,0.0295,0.33,1.61e-05,0.0989,0.674,120.952,audio_features,4inqvKch2zLylw6oNksZJ2,spotify:track:4inqvKch2zLylw6oNksZJ2,https://api.spotify.com/v1/tracks/4inqvKch2zLylw6oNksZJ2,https://api.spotify.com/v1/audio-analysis/4inqvKch2zLylw6oNksZJ2,235960,4,Drive South,John Hiatt,237466,2024-01-19 18:38:00
0,0.45,0.328,0,-14.114,1,0.0297,0.774,0.0,0.117,0.3,156.665,audio_features,1QQUZeG6qa90sPHIAuHbgj,spotify:track:1QQUZeG6qa90sPHIAuHbgj,https://api.spotify.com/v1/tracks/1QQUZeG6qa90sPHIAuHbgj,https://api.spotify.com/v1/audio-analysis/1QQUZeG6qa90sPHIAuHbgj,241533,4,Have A Little Faith In Me,John Hiatt,1290,2024-01-19 18:42:00
0,0.649,0.419,4,-9.583,1,0.0264,0.592,0.532,0.0833,0.264,99.018,audio_features,4OfCkjpcpqKgr9igYyOSHm,spotify:track:4OfCkjpcpqKgr9igYyOSHm,https://api.spotify.com/v1/tracks/4OfCkjpcpqKgr9igYyOSHm,https://api.spotify.com/v1/audio-analysis/4OfCkjpcpqKgr9igYyOSHm,252093,4,Long Time Comin',John Hiatt,1412,2024-01-19 18:42:00
0,0.637,0.64,5,-11.726,1,0.0309,0.0197,2.39e-06,0.0672,0.717,129.654,audio_features,3g6lXYay6mqmtFmjzSYr66,spotify:track:3g6lXYay6mqmtFmjzSYr66,https://api.spotify.com/v1/tracks/3g6lXYay6mqmtFmjzSYr66,https://api.spotify.com/v1/audio-analysis/3g6lXYay6mqmtFmjzSYr66,232133,4,Thing Called Love,John Hiatt,1178,2024-01-19 18:42:00
0,0.602,0.778,4,-6.218,1,0.0275,0.0433,0.0,0.355,0.662,117.622,audio_features,3HG3C3H6jDlR60YvMn8rIP,spotify:track:3HG3C3H6jDlR60YvMn8rIP,https://api.spotify.com/v1/tracks/3HG3C3H6jDlR60YvMn8rIP,https://api.spotify.com/v1/audio-analysis/3HG3C3H6jDlR60YvMn8rIP,312267,4,Buffalo River Home,John Hiatt,1109,2024-01-19 18:42:00
0,0.558,0.867,7,-6.439,1,0.0449,0.0902,0.0,0.378,0.942,163.213,audio_features,2xfdvnGUikUfZZipwVw8nO,spotify:track:2xfdvnGUikUfZZipwVw8nO,https://api.spotify.com/v1/tracks/2xfdvnGUikUfZZipwVw8nO,https://api.spotify.com/v1/audio-analysis/2xfdvnGUikUfZZipwVw8nO,227040,4,I'm Alright,Loudon Wainwright III,1651,2024-01-19 18:42:00
0,0.631,0.747,9,-11.708,1,0.0373,0.465,2.62e-06,0.107,0.846,156.571,audio_features,4yI7GDjepnZoFsiYFUtwPk,spotify:track:4yI7GDjepnZoFsiYFUtwPk,https://api.spotify.com/v1/tracks/4yI7GDjepnZoFsiYFUtwPk,https://api.spotify.com/v1/audio-analysis/4yI7GDjepnZoFsiYFUtwPk,177360,4,Tennessee Plates,John Hiatt,1123,2024-01-19 18:42:00
0,0.62,0.806,2,-5.237,1,0.0356,0.0269,0.000813,0.11,0.49,111.844,audio_features,6ZIxSgHBsy5p3lrlT078zA,spotify:track:6ZIxSgHBsy5p3lrlT078zA,https://api.spotify.com/v1/tracks/6ZIxSgHBsy5p3lrlT078zA,https://api.spotify.com/v1/audio-analysis/6ZIxSgHBsy5p3lrlT078zA,278533,4,Perfectly Good Guitar,John Hiatt,929,2024-01-19 18:42:00
0,0.59,0.848,7,-6.157,1,0.0345,0.114,5.51e-05,0.138,0.92,89.359,audio_features,79pdC7eYD4VtJc3yvLJ8fN,spotify:track:79pdC7eYD4VtJc3yvLJ8fN,https://api.spotify.com/v1/tracks/79pdC7eYD4VtJc3yvLJ8fN,https://api.spotify.com/v1/audio-analysis/79pdC7eYD4VtJc3yvLJ8fN,265973,4,Child Of The Wild Blue Yonder,John Hiatt,1030,2024-01-19 18:42:00
0,0.386,0.552,5,-9.931,1,0.0626,0.0794,2.01e-06,0.158,0.288,167.518,audio_features,1N5eiinnvjafKIL9Oh83cQ,spotify:track:1N5eiinnvjafKIL9Oh83cQ,https://api.spotify.com/v1/tracks/1N5eiinnvjafKIL9Oh83cQ,https://api.spotify.com/v1/audio-analysis/1N5eiinnvjafKIL9Oh83cQ,241000,4,Sugar Babe,Jesse Colin Young,2250,2024-01-19 18:42:00
