,danceability,energy,key,loudness,mode,speechiness,acousticness,instrumentalness,liveness,valence,tempo,type,duration_ms,time_signature,track,artist,imgUrl,album_id,track_id
0,0.551,0.293,2,-12.503,1,0.0272,0.486,0.000273,0.0864,0.322,106.798,audio_features,150640,4,White Rabbit,Jefferson Airplane,https://i.scdn.co/image/ab67616d000048512dac7a01676ddb36c1d0ec05,6lPb7Eoon6QPbscWbMsk6a,4vpeKl0vMGdAXpZiQB2Dtd
1,0.365,0.77,9,-10.492,1,0.0764,0.21,0.136,0.503,0.37,130.603,audio_features,214640,4,Eight Miles High,The Byrds,https://i.scdn.co/image/ab67616d000048513f07e7daf8ef639ec8263b19,3dfPMayEO2G87wzXPMEvmb,2BGNomqCxEDcXyxf8bg27k
2,0.328,0.682,0,-11.844,1,0.0623,0.483,0.0,0.407,0.727,155.738,audio_features,264667,4,Ohio,"Crosby, Stills, Nash & Young",x,x,x
3,0.598,0.516,1,-12.487,0,0.0413,0.174,1.32e-06,0.0816,0.671,154.446,audio_features,199399,4,Sugar Magnolia - 2013 Remaster,Grateful Dead,https://i.scdn.co/image/ab67616d00004851fd3f66a9ce4371f7ffa0346f,2UDDZVesmQwA4aYfa55diS,2EB1aFLWC4uIfld5Z3Yj1z
4,0.634,0.809,4,-10.025,0,0.0335,0.163,0.00199,0.309,0.927,77.256,audio_features,216569,4,Alabama Getaway - 2013 Remaster,Grateful Dead,https://i.scdn.co/image/ab67616d00004851dd5ce8d59ef803b79aa3740e,6x3mttp1a5pLHj8rDDSEbT,5WVF1Ftv5oxspRac9km99R
5,0.454,0.374,7,-14.887,1,0.0406,0.232,0.0242,0.148,0.435,140.01,audio_features,982006,4,Terrapin Station Medley - 2014 Remaster,Grateful Dead,https://i.scdn.co/image/ab67616d000048510996318f9c63869e92f2a750,0WVDqz6ty88sjpbfvMqF98,2gdTkM0hL9KQipAx6aUT6L
6,0.583,0.718,1,-8.276,1,0.0394,0.11,0.104,0.124,0.8,111.309,audio_features,185890,4,I'm so Green,CAN,https://i.scdn.co/image/ab67616d00004851d46676a8276d8de4419fb2f6,0tSXpFCe7kYCbEUtURRNwp,3qkQKlxc9aNJ4kz4D4jUl7
7,0.764,0.48,0,-13.63,1,0.0819,0.416,0.316,0.107,0.705,110.175,audio_features,170667,4,Ghost Song,Jim Morrison,https://i.scdn.co/image/ab67616d00004851661df6aa776da029b6802c0e,7qj6lZyChZxDGAqzTArHHQ,5XTdMVT5i5qcfyTXWxhxVZ
8,0.465,0.477,0,-11.732,0,0.047,0.119,0.000976,0.102,0.681,126.97,audio_features,121263,5,Dizzy Dizzy,CAN,https://i.scdn.co/image/ab67616d0000485131396ea1e604f8e1ab453299,3fEBf5vX56CYwSFlwT9HT7,61urVkiNIPWCZWLeQ3hFGr
9,0.55,0.603,4,-10.375,0,0.0356,0.782,0.0606,0.141,0.474,136.718,audio_features,298987,5,Shadows Go Arab,Dissidenten,https://i.scdn.co/image/ab67616d00004851ed413e8b3cc7e41ec3ddffb4,3Vl1cnMHIBciZDPwmfZAk5,1nhGHV6oKcV5QjoXdLp7Rb
10,0.515,0.831,1,-7.747,1,0.0452,0.248,0.877,0.138,0.624,169.952,audio_features,239027,4,Broken Moon (30 Trillion & Mix),Dissidenten,https://i.scdn.co/image/ab67616d00004851196d56f3f000aa5d5dfcd0a0,4reOSuEGgezThUW5w5uzPR,4Xe1ehOyfz3PMpDKkzrZ5X
11,0.625,0.659,0,-11.681,1,0.0373,0.0528,0.0853,0.147,0.952,109.748,audio_features,282667,4,Shake the Sheikh,Dissidenten,https://i.scdn.co/image/ab67616d00004851b467d1f67c4b8dd439289602,0aAfFqBB1IseMDXBHWkT20,5GcKcEaMOViIyiWhL4Fe1J
12,0.55,0.824,2,-5.988,1,0.0334,0.448,0.000127,0.366,0.777,114.512,audio_features,214733,4,American Girl,Tom Petty and the Heartbreakers,https://i.scdn.co/image/ab67616d000048517e42a53ea7f2ad4f36ab23a5,6TLTd0P2CUI0Q29AQ1LyFi,7MRyJPksH3G2cXHN8UKYzP
13,0.468,0.607,9,-11.367,1,0.0336,0.072,0.000852,0.225,0.886,98.429,audio_features,263333,4,Ramble On - 1990 Remaster,Led Zeppelin,https://i.scdn.co/image/ab67616d00004851fc4f17340773c6c3579fea0d,70lQYZtypdCALtFVlQAcvx,3MODES4TNtygekLl146Dxd
14,0.649,0.939,7,-5.419,1,0.0419,0.046,0.0,0.385,0.975,122.9,audio_features,212267,4,Radio Head - 2005 Remaster,Talking Heads,https://i.scdn.co/image/ab67616d000048513b41840563e4b7823db5c306,4LiLg6t10oOw8csXA1CQ0Y,4vdgmV1Z2SxdrfT2bjJip6
15,0.558,0.874,2,-8.982,1,0.0358,0.1,0.0158,0.822,0.727,145.971,audio_features,360640,4,What a Day That Was - Live; Edit,Talking Heads,https://i.scdn.co/image/ab67616d000048514436f2e7c93002ad0eb9716a,4FR8Z6TvIsC56NLyNomNRE,1qRbIDeJnmfnglzlJI8kOK
16,0.83,0.611,7,-6.811,1,0.0333,0.476,0.00096,0.297,0.791,127.051,audio_features,183187,4,The Good Thing - 2005 Remaster,Talking Heads,https://i.scdn.co/image/ab67616d00004851b7307213fae24e3fbcbe46aa,01RJdKvXyz515O37itqMIJ,5KRtiPYvYDqE8MysJmDOut
17,0.508,0.494,6,-11.111,1,0.0468,0.117,1.98e-05,0.113,0.548,103.951,audio_features,215627,4,Songs Of Yesterday,Free,https://i.scdn.co/image/ab67616d00004851640df56fe46cd51896a00810,2yZXtlCUGjaOYBGc9qqeay,7jYXoudEWfERVDFZHM8Nfw
18,0.24,0.824,9,-8.298,0,0.0773,0.00723,0.0503,0.33,0.525,160.218,audio_features,156333,4,Easy Living,Miles Davis Quintet,https://i.scdn.co/image/ab67616d00004851694e9db0a8c0076951f16289,6QNUsyQxf8merg8Sv696aI,3QHeOALQbMukSiCWQrP2b0
19,0.251,0.392,0,-18.917,1,0.0429,0.987,0.91,0.275,0.242,69.922,audio_features,237427,4,"Take the 'A' Train - Solo Piano, 1977",Sun Ra,https://i.scdn.co/image/ab67616d00004851a866bf8115d970f712689b9f,7ltP9Xs5kp49jCxeTuCqbG,0y66IJhDRZFaPXb3jDGAKb
20,0.287,0.0132,5,-23.891,1,0.0353,0.974,0.73,0.117,0.0398,73.26,audio_features,164067,4,The Tao Of Love,Vangelis,https://i.scdn.co/image/ab67616d000048515384bf347b55764c7876d235,6YrHsp2x5GRxEZJXwDwXGz,3SMBkwzUjtKuNHTJFuIdec
21,0.364,0.705,4,-7.759,1,0.0269,0.132,5.13e-05,0.14,0.552,153.357,audio_features,303347,4,Thief,CAN,https://i.scdn.co/image/ab67616d00004851d653399b11a72ca4afd90c0b,6UMKSuf44yHiRGgkMqqa52,7ilBHhMSE7XYvDf2gLx1NP
22,0.58,0.551,9,-9.898,0,0.0582,0.181,0.00719,0.15,0.516,115.896,audio_features,201213,4,Just Dropped In (To See What Condition My Condition Was In),The First Edition,https://i.scdn.co/image/ab67616d0000485191a87b5bd84eecfd0eddb1ed,6LZ7MMxdYNUA56kBnqQ6h6,4Wrc3Jz4POj0ibPj5iuq0r
23,0.674,0.706,9,-9.012,1,0.0384,0.108,6.48e-06,0.114,0.961,133.789,audio_features,172400,4,Mr. Soul,Buffalo Springfield,https://i.scdn.co/image/ab67616d0000485108332e0b0aba8467f891d76f,7hez8jibf36E66GHpFkWz7,042v1NacbKJzCyi6nBme7T
24,0.393,0.364,5,-10.945,0,0.0345,0.0021,0.0703,0.121,0.308,118.566,audio_features,444148,3,Since I've Been Loving You - Remaster,Led Zeppelin,https://i.scdn.co/image/ab67616d0000485190a50cfe99a4c19ff3cbfbdb,6P5QHz4XtxOmS5EuiGIPut,1SDiiE3v2z89VxC3aVRKHQ
25,0.867,0.656,11,-9.019,0,0.041,0.0572,0.819,0.406,0.947,123.654,audio_features,345573,4,Moon Rocks - 2005 Remaster,Talking Heads,https://i.scdn.co/image/ab67616d00004851e35e2e2a4bfa8a30a78fc532,4sLCQxMRfn3gAHrBNZtbTH,1jDit1o3MxkQxFDVNdYX9v
26,0.729,0.687,4,-10.06,1,0.0996,0.135,0.44,0.114,0.481,162.063,audio_features,375147,3,Song for Boudiaf,Hamid Baroudi,https://i.scdn.co/image/ab67616d00004851b45411014766de87c08aa739,0Y0bEGAD1vkKyeRj2S4tIP,3GKBhj2gVIruNyyqSWK9gq
27,0.723,0.818,7,-5.946,1,0.0366,0.138,0.748,0.218,0.894,135.122,audio_features,285613,4,Crosseyed and Painless - 2005 Remaster,Talking Heads,https://i.scdn.co/image/ab67616d00004851e56fa8c916dc6ce419dcf557,3AQgdwMNCiN7awXch5fAaG,0yhwdmbgkKdE1plV8xWdrd
28,0.71,0.558,10,-8.148,1,0.0307,0.166,0.00121,0.237,0.834,111.152,audio_features,333387,4,The Big Country - 2005 Remaster,Talking Heads,https://i.scdn.co/image/ab67616d00004851b7307213fae24e3fbcbe46aa,01RJdKvXyz515O37itqMIJ,6jvNnYLscndCf0fPJB1pms
29,0.489,0.483,9,-9.466,0,0.0275,0.42,0.0028,0.236,0.333,136.822,audio_features,226706,4,Alpha,Vangelis,https://i.scdn.co/image/ab67616d00004851c867681ddaff9580f6d2b81b,7M2EhhKnJYcmluPNzmB35N,1qkp9OvCk8FjeDdEd2bKQ6
30,0.398,0.392,7,-9.05,1,0.0282,0.207,0.0,0.102,0.378,184.267,audio_features,129120,3,You've Got To Hide Your Love Away - Remastered 2009,The Beatles,x,x,x
31,0.519,0.85,9,-6.777,1,0.0678,0.0457,0.0,0.233,0.749,123.419,audio_features,189680,4,Ticket To Ride - Remastered 2009,The Beatles,https://i.scdn.co/image/ab67616d00004851e3e3b64cea45265469d4cafa,0PT5m6hwPRrpBwIHVnvbFX,7CZiDzGVjUssMSOXrDNYHL
32,0.727,0.338,5,-13.887,1,0.0454,0.79,0.0,0.105,0.646,122.421,audio_features,133507,4,Till There Was You - Remastered 2009,The Beatles,https://i.scdn.co/image/ab67616d00004851608a63ad5b18e99da94a3f73,1aYdiJk6XKeHWGO3FzHHTr,0ESIjVxnDnCDaTPo6sStHm
33,0.647,0.56,9,-8.809,1,0.0387,0.723,0.0,0.118,0.913,120.418,audio_features,125040,3,I've Just Seen A Face - Remastered 2009,The Beatles,x,x,x
34,0.688,0.435,9,-11.359,1,0.0323,0.449,0.0,0.113,0.435,103.239,audio_features,146333,4,In My Life - Remastered 2009,The Beatles,https://i.scdn.co/image/ab67616d00004851ed801e58a9ababdea6ac7ce4,50o7kf2wLwVmOTVYJOTplm,3KfbEIOC7YIv90FIfNSZpo
35,0.29,0.247,7,-12.125,1,0.0383,0.921,0.00565,0.0917,0.36,165.361,audio_features,144880,4,"Here, There And Everywhere - Remastered 2009",The Beatles,https://i.scdn.co/image/ab67616d0000485128b8b9b46428896e6491e97a,3PRoXYsngSwjEQWR5PsHWR,2B4Y9u4ERAFiMo13XPJyGP
36,0.432,0.389,7,-6.517,1,0.0255,0.687,0.0107,0.0788,0.158,139.506,audio_features,341773,4,Wild Horses - 2009 Mix,The Rolling Stones,https://i.scdn.co/image/ab67616d00004851a1d9c9969f2a7ed27e449a3c,29m6DinzdaD0OPqWKGyMdz,52dm9op3rbfAkc1LGXgipW
37,0.53,0.855,2,-5.116,1,0.0461,0.0169,0.238,0.0628,0.511,110.14,audio_features,228867,4,Love Is Strong - Remastered 2009,The Rolling Stones,https://i.scdn.co/image/ab67616d000048516ae46a4f011bf6a249d6582f,3oyjbpNQs5Qm5DNVJW4AlV,3Is1ugfPG3hdFWTq15nNBV
38,0.595,0.885,3,-7.688,1,0.0518,0.0744,0.534,0.0844,0.643,137.243,audio_features,222933,4,Jumpin' Jack Flash,The Rolling Stones,https://i.scdn.co/image/ab67616d00004851fbf1cc20744dc138f1bfb9bc,2WvMWgLvHvBHT2IknyXiMi,1GOdYykgw2W0OcjPANvwgE
39,0.32,0.62,0,-9.686,1,0.0594,0.64,6.36e-05,0.253,0.472,86.327,audio_features,448720,4,You Can't Always Get What You Want,The Rolling Stones,https://i.scdn.co/image/ab67616d000048512af30c881bb23cfb82a8cf99,4l4u9e9jSbotSXNjYfOugy,6lFZbCc7pn6Lme1NP7qQqQ
40,0.464,0.824,10,-7.359,1,0.0374,0.467,0.018,0.33,0.539,109.298,audio_features,253720,4,She's A Rainbow,The Rolling Stones,https://i.scdn.co/image/ab67616d00004851fbf1cc20744dc138f1bfb9bc,2WvMWgLvHvBHT2IknyXiMi,7Cwhlma0JgRVhDHR5CftD5
41,0.582,0.545,4,-11.677,0,0.0298,0.017,4.05e-06,0.229,0.721,101.691,audio_features,164893,4,Mother's Little Helper,The Rolling Stones,https://i.scdn.co/image/ab67616d00004851196ddacc8968e22242285745,1IeXdR2ptc5Jhxmko89CgE,5mOdkfoEBbNSKmaGnyq9bC
42,0.605,0.742,4,-4.363,0,0.0327,0.00286,0.00105,0.256,0.47,105.04,audio_features,271160,4,Anybody Seen My Baby? - Remastered 2009,The Rolling Stones,https://i.scdn.co/image/ab67616d000048513d26c9756e724d9b5e0b20d1,6lbQFxYqubkf4GbEtXARE7,4tXr9v3K7nWW1aebWqR1B7
43,0.471,0.843,7,-5.702,1,0.041,0.636,0.0402,0.773,0.632,156.695,audio_features,264267,4,Loving Cup,The Rolling Stones,https://i.scdn.co/image/ab67616d00004851ad5b5ed2169d072a44e98a31,1D0PTM0bg7skufClSUOxTP,34OzAaQeAWlFnZBSyUAtRh
44,0.429,0.554,9,-6.128,0,0.0291,0.67,0.000152,0.105,0.407,136.302,audio_features,272000,4,Angie - Remastered 2009,The Rolling Stones,https://i.scdn.co/image/ab67616d00004851fa3c4374e2cdd3cc1636c79b,6iVOz2hudE6dv5Yrcsw2c9,1GcVa4jFySlun4jLSuMhiq
45,0.665,0.844,5,-6.633,0,0.0675,0.0194,0.000162,0.0708,0.773,117.976,audio_features,213560,4,Paying The Cost To Be The Boss,B.B. King,https://i.scdn.co/image/ab67616d000048510cb9e4d49412fce4ae730004,3fIftPnF4eb7gkg2lFS1TV,1HK0gVdcEwTUaJzCTNhjA3
46,0.618,0.678,0,-5.199,1,0.0316,0.6,0.723,0.501,0.79,133.453,audio_features,204573,4,Ventilator Blues,The Rolling Stones,https://i.scdn.co/image/ab67616d00004851ba42bfcfeed19018b1f8cab8,5U4dnRZsfW8NmwBBkELFPh,74mpiRPDd2rFeBR1Yl60I3
47,0.54,0.862,2,-4.599,1,0.0284,0.33,1.7e-05,0.156,0.931,130.34,audio_features,244533,4,Dead Flowers - 2009 Mix,The Rolling Stones,https://i.scdn.co/image/ab67616d00004851a1d9c9969f2a7ed27e449a3c,29m6DinzdaD0OPqWKGyMdz,3oJtUnnt5uYPtzulIbLw3D
48,0.671,0.725,2,-10.065,1,0.065,0.296,0.00022,0.0889,0.956,85.27,audio_features,140400,4,Route 66,The Rolling Stones,https://i.scdn.co/image/ab67616d00004851e5bd9c16543752620815ebdc,0bJMFJ2XQwpO5nKTrYdUtX,1FRP8d6l2jm3DS5f78ZrhK
49,0.583,0.855,0,-7.213,1,0.0333,0.1,0.0177,0.262,0.69,128.178,audio_features,195147,4,Street Fighting Man - 50th Anniversary Edition,The Rolling Stones,https://i.scdn.co/image/ab67616d0000485144934a06d21864415376f5f2,6OHri5qNxwCdVSdyCslspd,7EXgO1bRnEArE58rtrgMWB
50,0.795,0.71,9,-4.746,0,0.0392,0.443,0.0215,0.344,0.845,109.689,audio_features,288667,4,Miss You - Remastered,The Rolling Stones,https://i.scdn.co/image/ab67616d0000485105c7aec05eabf142cc33b936,1Jv2AqzhgsduUik2p4k3cS,3hJLKtTpgct9Y9wKww0BiR
51,0.562,0.793,7,-7.774,1,0.0526,0.705,0.0,0.222,0.57,140.838,audio_features,215920,4,Let's Spend The Night Together,The Rolling Stones,https://i.scdn.co/image/ab67616d000048518260863a56134f1516913d7f,36BIYdP4WtviD9Ngqc4SK5,1QLr0zOu6fv5hLEHOwdr21
52,0.617,0.905,11,-4.585,1,0.0351,0.455,0.578,0.289,0.787,110.957,audio_features,226240,4,Tumbling Dice - 2009 Mix,The Rolling Stones,https://i.scdn.co/image/ab67616d00004851fbf1cc20744dc138f1bfb9bc,2WvMWgLvHvBHT2IknyXiMi,71mfxBwn2gz0XiSdV7NL8P
53,0.439,0.827,0,-4.593,1,0.0335,0.0646,0.374,0.0844,0.54,111.297,audio_features,206467,4,Doo Doo Doo Doo Doo (Heartbreaker),The Rolling Stones,https://i.scdn.co/image/ab67616d00004851fa3c4374e2cdd3cc1636c79b,6iVOz2hudE6dv5Yrcsw2c9,0f7VY69zhtS20Xm5PVYCm5
54,0.631,0.932,5,-4.142,1,0.0354,0.0436,0.137,0.0918,0.971,122.429,audio_features,213067,4,Start Me Up - Remastered 2009,The Rolling Stones,https://i.scdn.co/image/ab67616d0000485108fc42e575043a753f60d675,15XNBzVWARPMlu0sEbfBjJ,7HKez549fwJQDzx3zLjHKC
55,0.524,0.553,0,-10.767,1,0.0292,0.831,0.0,0.174,0.517,104.578,audio_features,196493,4,Ruby Tuesday,The Rolling Stones,https://i.scdn.co/image/ab67616d000048518260863a56134f1516913d7f,36BIYdP4WtviD9Ngqc4SK5,4hupcimlg3UBbW1kAQ6vrT
56,0.558,0.684,0,-8.246,1,0.0288,0.433,0.00293,0.226,0.867,116.232,audio_features,327880,4,Let It Bleed,The Rolling Stones,https://i.scdn.co/image/ab67616d000048512af30c881bb23cfb82a8cf99,4l4u9e9jSbotSXNjYfOugy,06FcMPcosZg13x2QODDDK6
57,0.606,0.794,0,-6.042,1,0.0282,0.157,0.0406,0.568,0.911,116.93,audio_features,274227,4,Waiting On A Friend - Remastered 2009,The Rolling Stones,https://i.scdn.co/image/ab67616d0000485108fc42e575043a753f60d675,15XNBzVWARPMlu0sEbfBjJ,4Wd9pEtEnZNDjgiswGOpJb
58,0.477,0.74,9,-5.397,1,0.0446,0.502,1.31e-06,0.263,0.56,107.384,audio_features,266560,4,Sweet Virginia,The Rolling Stones,https://i.scdn.co/image/ab67616d00004851ba42bfcfeed19018b1f8cab8,5U4dnRZsfW8NmwBBkELFPh,1hJrWWK74fKL7eeV3CFOvF
59,0.365,0.839,0,-5.148,1,0.0691,0.522,0.000469,0.292,0.575,81.772,audio_features,256827,4,Shine A Light,The Rolling Stones,https://i.scdn.co/image/ab67616d00004851ba42bfcfeed19018b1f8cab8,5U4dnRZsfW8NmwBBkELFPh,1iii3DosaivkmvUDmhZhCP
60,0.394,0.944,10,-6.506,0,0.0761,0.00178,4.54e-06,0.298,0.265,105.338,audio_features,292581,4,Even Flow,Pearl Jam,https://i.scdn.co/image/ab67616d00004851d400d27cba05bb0545533864,5B4PYA7wNN4WdEXdIJu58a,6QewNVIDKdSl8Y3ycuHIei
61,0.469,0.863,5,-7.037,0,0.0494,4.34e-06,0.353,0.33,0.375,140.264,audio_features,193427,4,Go - Remastered,Pearl Jam,https://i.scdn.co/image/ab67616d00004851777344aba9d5b5785b4593a5,3BSOiAas8BpJOii3kCPyjV,7M1L2Cv5025QeywNsdfPDK
62,0.504,0.354,4,-11.3,1,0.0339,0.29,4.71e-06,0.157,0.292,140.87,audio_features,303587,4,Yellow Ledbetter,Pearl Jam,https://i.scdn.co/image/ab67616d000048518df1fdc14be33eb2c991d60f,1WJ3UbOi2QYGuRgXCc9FIV,3bE5slaVEfaDreqARl6k4M
63,0.463,0.62,8,-8.141,1,0.0301,0.172,2.77e-05,0.111,0.259,107.076,audio_features,322307,4,Retrograde,Pearl Jam,https://i.scdn.co/image/ab67616d000048519be7966e92574b4641a82c17,5bTixyz2GHx1YUqNUdzfut,2D68wN3hwEZFdeui0c5Ar6
64,0.284,0.875,11,-6.069,0,0.0422,0.00752,0.000461,0.402,0.595,75.009,audio_features,340907,4,Alive,Pearl Jam,https://i.scdn.co/image/ab67616d00004851d400d27cba05bb0545533864,5B4PYA7wNN4WdEXdIJu58a,1L94M3KIu7QluZe63g64rv
65,0.619,0.655,0,-8.117,1,0.0605,0.343,2.76e-06,0.0875,0.902,151.786,audio_features,271733,4,Slip Kid,The Who,https://i.scdn.co/image/ab67616d00004851cc9dafab65a051efcf19a9ef,6CTiKdIgtmCJT7lKY0EYNK,5u4ux8qOKS4fZiCoA0LcG9
66,0.519,0.42,2,-11.286,1,0.0326,0.362,0.0,0.307,0.145,115.474,audio_features,38557,4,It's A Boy,The Who,https://i.scdn.co/image/ab67616d0000485127da883239a71bf712062a8e,3ZesvjQIvTxjOTiYu3xmUb,4Wn57FuDoj3j3xB6pPwFFy
67,0.369,0.759,0,-8.304,1,0.0602,0.124,0.0143,0.108,0.555,139.65,audio_features,288453,4,Getting In Tune,The Who,https://i.scdn.co/image/ab67616d00004851fe24dcd263c08c6dd84b6e8c,5MqyhhHbT13zsloD3uHhlQ,0M7tdKXvtrEk26j8nXFtvC
68,0.6,0.421,0,-9.676,0,0.0335,0.167,0.0,0.102,0.183,78.469,audio_features,169042,4,1921,The Who,https://i.scdn.co/image/ab67616d0000485174ecb94bc3e5d851a39a0334,5cT7ee1sy2oEbFalP4asS4,2EJo2k8xmQsA3E5VwTta7I
69,0.479,0.668,4,-8.498,1,0.0392,0.0733,0.183,0.537,0.112,123.227,audio_features,373133,4,Quadrophenia,The Who,https://i.scdn.co/image/ab67616d00004851700f438bf4d4468092798a4c,2miMVTH3qNA49YD2BUaIWK,2daz5cSUMul4An2vCSERJC
70,0.633,0.946,1,-6.615,1,0.0366,0.323,0.134,0.972,0.831,98.062,audio_features,343600,4,Eminence Front,The Who,https://i.scdn.co/image/ab67616d00004851daa48b4b3385808beb8eb5db,46rjSfrOaPBPX8npn50l0A,0LN5gIsS5tQSmRzQrHSaTR
71,0.526,0.559,7,-9.707,1,0.0365,0.296,1.03e-05,0.0547,0.398,101.311,audio_features,157853,4,I'm One,The Who,https://i.scdn.co/image/ab67616d000048513e56c145133c03d8eebb1349,1H5ylmhlxpHsoKqNbCI9JC,7m38dsADhs1aAbLUoaXdrT
72,0.287,0.398,9,-10.592,1,0.0336,0.182,1.98e-05,0.986,0.169,137.496,audio_features,273613,4,"Imagine A Man - Live At Wembley, UK / 2019",The Who,https://i.scdn.co/image/ab67616d000048518e0712f60fe2d4d4e7fd67c0,0ZM1dVIT9Yb2BtWDGM1ZXx,03eY6eU7XvvZ61ahRoWeeU
73,0.338,0.815,9,-6.485,1,0.0673,0.00325,0.000403,0.0884,0.199,133.014,audio_features,247307,4,I Can See For Miles - Mono Version,The Who,https://i.scdn.co/image/ab67616d0000485134894946601823e27fc08538,2JyNDhGhp0hiizSPuUs0i9,7B9F9nLxe7MZgZ68Jj86Fn
74,0.632,0.947,7,-5.761,1,0.0732,0.00486,0.0,0.282,0.719,92.313,audio_features,202667,4,Magic Bus - Mono Edit,The Who,https://i.scdn.co/image/ab67616d00004851abef710700c2ff38ef1c463f,0dHf3EzHyFV4s1JhOyCjGp,5PKnZzkjs2y3WTbIYtv5Fq
75,0.306,0.801,2,-9.63,1,0.0871,0.523,0.0719,0.0792,0.458,136.629,audio_features,163979,4,Anyway Anyhow Anywhere - Stereo Version,The Who,https://i.scdn.co/image/ab67616d0000485134658b1827b64a1d4d5a5ca9,6Oc6Ok1Oawu8lRkjmD4mXy,7u8Z9Y3VFMAELQT1nEchtL
76,0.524,0.668,7,-10.609,1,0.0432,0.373,0.0,0.159,0.794,126.846,audio_features,162760,4,Pictures Of Lily,The Who,https://i.scdn.co/image/ab67616d0000485179707c30203f870776ff02d0,0NufsuTuf3U0BY0p6jFdxV,123RhEzztpTieeEd13NexC
77,0.582,0.761,0,-8.501,1,0.0451,0.523,3.73e-05,0.0686,0.545,161.959,audio_features,338560,4,You Better You Bet,The Who,https://i.scdn.co/image/ab67616d000048511321857592dce3f0efa717ef,2zLGQD3h1VG2tKzJCdAAyR,58RWYT5MGo8e4Y3WAZHh9g
78,0.454,0.26,8,-13.193,0,0.0401,0.539,0.00078,0.0675,0.598,174.322,audio_features,324133,5,Take Five,The Dave Brubeck Quartet,https://i.scdn.co/image/ab67616d0000485100ace5d3c5bffc123ef1eb51,0nTTEAhCZsbbeplyDMIFuA,1YQWosTIljIvxAgHWTp7KP
79,0.436,0.543,11,-13.351,0,0.0962,0.654,9.35e-06,0.0937,0.663,148.282,audio_features,622000,4,Sinnerman,Nina Simone,https://i.scdn.co/image/ab67616d00004851df49506f74db624312118ca2,31pd81sWDaK2pP3ok5892z,5xRP5iyVdGglqlY4Vcjhkx
80,0.421,0.0162,2,-25.358,0,0.0388,0.808,0.0024,0.0978,0.154,110.479,audio_features,337733,4,Blue in Green (feat. John Coltrane & Bill Evans),Miles Davis,https://i.scdn.co/image/ab67616d000048510ebc17239b6b18ba88cfb8ca,4sb0eMpDn3upAFfyi4q2rw,0aWMVrwxPNYkKmFthzmpRi
81,0.379,0.76,9,-10.961,1,0.0378,0.00298,0.0296,0.104,0.491,99.436,audio_features,274088,4,Sweet Emotion,Aerosmith,https://i.scdn.co/image/ab67616d000048518cffbbb7fe8645a486a85ea9,6As5aOEQjfxLIChIB3fQRD,73TxYZd0lBCVRrHawrAglA
82,0.723,0.863,2,-7.89,1,0.0338,0.0383,0.0317,0.128,0.931,136.302,audio_features,222813,4,(I Can't Get No) Satisfaction - Mono Version,The Rolling Stones,https://i.scdn.co/image/ab67616d0000485105c5be85b64eaff732f7cb0b,2Q5MwpTmtjscaS34mJFXQQ,2PzU4IB8Dr6mxV3lHuaG34
83,0.564,0.932,11,-10.068,1,0.0554,0.013,0.169,0.349,0.619,112.937,audio_features,146250,4,Immigrant Song - Remaster,Led Zeppelin,https://i.scdn.co/image/ab67616d0000485190a50cfe99a4c19ff3cbfbdb,6P5QHz4XtxOmS5EuiGIPut,78lgmZwycJ3nzsdgmPPGNx
84,0.702,0.668,9,-9.237,1,0.214,0.518,0.0,0.0588,0.561,116.063,audio_features,378147,4,Sympathy For The Devil - 50th Anniversary Edition,The Rolling Stones,https://i.scdn.co/image/ab67616d0000485144934a06d21864415376f5f2,6OHri5qNxwCdVSdyCslspd,1Ud6moTC0KyXMq1Oxfien0
85,0.783,0.878,1,-3.864,0,0.0308,0.39,0.000778,0.0426,0.885,100.626,audio_features,265173,4,Beast Of Burden - Remastered 1994,The Rolling Stones,https://i.scdn.co/image/ab67616d0000485105c7aec05eabf142cc33b936,1Jv2AqzhgsduUik2p4k3cS,77oU2rjC5XbjQfNe3bD6so
86,0.438,0.805,8,-6.237,1,0.0624,0.00255,5.69e-05,0.0842,0.564,113.253,audio_features,240800,4,All Along the Watchtower,Jimi Hendrix,https://i.scdn.co/image/ab67616d00004851522088789d49e216d9818292,5z090LQztiqh13wYspQvKQ,2aoo2jlRnM3A0NyLQqMN2f
87,0.654,0.336,6,-12.825,1,0.0379,0.858,0.385,0.0786,0.947,176.083,audio_features,134400,4,Never Going Back Again - 2004 Remaster,Fleetwood Mac,https://i.scdn.co/image/ab67616d00004851e52a59a28efa4773dd2bfe1b,0BwWUstDMUbgq2NYONRqlu,19Shlms2uTnOjIUg50TXzd
88,0.411,0.381,11,-12.361,1,0.0286,0.13,0.257,0.132,0.524,76.963,audio_features,238413,4,The Only Living Boy in New York,Simon & Garfunkel,https://i.scdn.co/image/ab67616d00004851ba7fe7dd76cd4307e57dd75f,0JwHz5SSvpYWuuCNbtYZoV,5MbXzXGbqobR8xPVPs8OXA
89,0.497,0.285,2,-14.537,1,0.0264,0.643,1.69e-05,0.389,0.667,154.707,audio_features,173467,4,Teach Your Children,"Crosby, Stills, Nash & Young",https://i.scdn.co/image/ab67616d0000485106e00756085191abc01e4cf0,5bHkK1X4WEOzNvRhehvOcb,29HaKOpeLSYvqdFyEQSRdj
90,0.532,0.153,2,-16.841,1,0.0374,0.886,0.0,0.108,0.583,134.061,audio_features,148587,3,Time in a Bottle,Jim Croce,https://i.scdn.co/image/ab67616d000048516c955079f53ae636e7bef0ee,0dZaHQ0OJlIyVrEuvnXmS9,7uWFUpGuEfmxYeymkV95jn
91,0.815,0.372,7,-12.814,1,0.0752,0.166,0.000116,0.0767,0.293,101.684,audio_features,217347,4,50 Ways to Leave Your Lover,Paul Simon,https://i.scdn.co/image/ab67616d000048513879ef4375b97d2b58bf0768,4A366gjTrYQwmRtkTezF2W,6Qb7gtV6Q4MnUjSbkFcopl
92,0.592,0.205,9,-14.601,1,0.048,0.896,5.46e-05,0.119,0.378,140.282,audio_features,179760,4,Our House,"Crosby, Stills, Nash & Young",https://i.scdn.co/image/ab67616d0000485106e00756085191abc01e4cf0,5bHkK1X4WEOzNvRhehvOcb,2hitsKa8SthKhRJBXUHbIv
93,0.425,0.369,4,-11.876,1,0.0379,0.183,0.00126,0.112,0.65,176.625,audio_features,124693,3,Norwegian Wood (This Bird Has Flown) - Remastered 2009,The Beatles,https://i.scdn.co/image/ab67616d00004851ed801e58a9ababdea6ac7ce4,50o7kf2wLwVmOTVYJOTplm,1H7gMYGykdtwZOV6s1N0by
94,0.503,0.265,2,-15.913,1,0.0333,0.943,0.045,0.0867,0.522,78.044,audio_features,212161,4,Going to California - Remaster,Led Zeppelin,https://i.scdn.co/image/ab67616d00004851c8a11e48c91a982d086afc69,44Ig8dzqOkvkGDzaUof9lK,70gbuMqwNBE2Y5rkQJE9By
95,0.421,0.661,9,-13.126,1,0.0433,0.414,1.16e-06,0.0962,0.554,100.965,audio_features,341627,4,Tangled up in Blue,Bob Dylan,https://i.scdn.co/image/ab67616d0000485172ca15b8637acbc7d15ff5ba,4WD4pslu83FF6oMa1e19mF,6Vcwr9tb3ZLO63F8DL8cqu
96,0.659,0.862,9,-5.424,1,0.0302,0.0154,0.0,0.389,0.957,137.393,audio_features,220680,4,Wild Wild Life - 2005 Remaster,Talking Heads,https://i.scdn.co/image/ab67616d000048513b41840563e4b7823db5c306,4LiLg6t10oOw8csXA1CQ0Y,4yeaLecWINnWGpO5BOd4Mn
97,0.618,0.801,2,-6.416,1,0.0433,0.279,0.042,0.38,0.451,103.296,audio_features,252040,4,Mind - 2005 Remaster,Talking Heads,https://i.scdn.co/image/ab67616d00004851c64d2d4760962e4927527b2b,1ErneCyxOnZ1KTiEcNmnjw,03HUTPHpK8CJkBlIXTNvVL
98,0.721,0.521,2,-8.123,1,0.0613,0.0708,0.00545,0.127,0.942,123.118,audio_features,261413,4,Psycho Killer - 2005 Remaster,Talking Heads,https://i.scdn.co/image/ab67616d00004851e71708b667804f6241dd1a59,5eqcF7pWzHgWpGdEmHgeSN,1i6N76fftMZhijOzFQ5ZtL
99,0.769,0.74,1,-8.673,0,0.052,0.126,0.0029,0.99,0.734,112.464,audio_features,270800,4,Genius of Love (Tom Tom Club) - Live,Talking Heads,https://i.scdn.co/image/ab67616d000048514436f2e7c93002ad0eb9716a,4FR8Z6TvIsC56NLyNomNRE,1Z0jkAvtK78wrDc5odDtdX
100,0.744,0.763,0,-10.399,1,0.0643,0.677,0.628,0.153,0.963,101.838,audio_features,273200,4,Houses in Motion - 2005 Remaster,Talking Heads,https://i.scdn.co/image/ab67616d00004851e56fa8c916dc6ce419dcf557,3AQgdwMNCiN7awXch5fAaG,2hDMI3I7WGgHmP4EGAk7la
101,0.652,0.896,9,-5.166,0,0.0573,0.000858,0.0,0.269,0.931,136.51,audio_features,271813,4,Love for Sale - 2005 Remaster,Talking Heads,https://i.scdn.co/image/ab67616d000048513b41840563e4b7823db5c306,4LiLg6t10oOw8csXA1CQ0Y,36wXwmYe0urVg6NtiraGDU
102,0.647,0.682,4,-8.178,0,0.0338,0.0175,0.161,0.228,0.926,130.094,audio_features,158107,4,The Girl Wants to Be with the Girls - 2005 Remaster,Talking Heads,https://i.scdn.co/image/ab67616d00004851b7307213fae24e3fbcbe46aa,01RJdKvXyz515O37itqMIJ,3tAFhUlDu5rRmpKDsw0oCn
103,0.609,0.802,9,-9.501,0,0.0538,0.118,0.000131,0.0904,0.926,127.672,audio_features,156480,4,Sugar on My Tongue - 2005 Remaster,Talking Heads,https://i.scdn.co/image/ab67616d00004851e71708b667804f6241dd1a59,5eqcF7pWzHgWpGdEmHgeSN,1w3IeWPxVHuw0gyXcGV2pN
104,0.67,0.743,8,-10.371,1,0.0332,0.0751,0.223,0.241,0.93,113.883,audio_features,188973,4,I Zimbra - 2005 Remaster,Talking Heads,https://i.scdn.co/image/ab67616d000048518365f74aa622b1b86962c8dd,5dVZpNJraoqCo3BssinMoo,2zdlkG9g5Mt0alUdqn7s3D
105,0.523,0.681,0,-5.884,1,0.0301,0.0637,0.00146,0.082,0.564,120.533,audio_features,214133,4,Air - 2005 Remaster,Talking Heads,https://i.scdn.co/image/ab67616d000048518365f74aa622b1b86962c8dd,5dVZpNJraoqCo3BssinMoo,6XvpjZugZzMHa2nZ1uPOka
106,0.612,0.357,7,-10.4,1,0.0303,0.849,3.23e-06,0.516,0.148,107.129,audio_features,221000,4,Heaven - Live,Talking Heads,https://i.scdn.co/image/ab67616d000048514436f2e7c93002ad0eb9716a,4FR8Z6TvIsC56NLyNomNRE,0Q2b6AxWV5tD117XktdQxl
107,0.414,0.601,9,-9.978,1,0.0296,0.0205,0.0107,0.0876,0.403,132.055,audio_features,214800,4,Artists Only - 2005 Remaster,Talking Heads,https://i.scdn.co/image/ab67616d00004851b7307213fae24e3fbcbe46aa,01RJdKvXyz515O37itqMIJ,18VUNjOq2uRYxZP6nQGJva
108,0.383,0.778,11,-4.845,0,0.0282,0.0204,0.228,0.441,0.512,91.176,audio_features,210013,4,Memories Can't Wait - 2005 Remaster,Talking Heads,https://i.scdn.co/image/ab67616d000048518365f74aa622b1b86962c8dd,5dVZpNJraoqCo3BssinMoo,4Gw9ACmKi3O2vP8UwJqF0M
109,0.283,0.355,11,-14.862,0,0.0346,0.538,0.909,0.0935,0.41,185.398,audio_features,502480,4,The Sheltering Sky,King Crimson,https://i.scdn.co/image/ab67616d00004851ff2d2448a42a43c281b6f556,20dTbQRkxuOTkf3SFyaT2m,47sJPdCkjVfLJWBFhwJiuE
110,0.357,0.45,7,-10.786,0,0.0516,0.0178,0.322,0.0934,0.581,121.341,audio_features,273000,4,Indiscipline,King Crimson,https://i.scdn.co/image/ab67616d00004851ff2d2448a42a43c281b6f556,20dTbQRkxuOTkf3SFyaT2m,5FvRkKujcquFV4wma9QAfj
111,0.614,0.544,7,-9.386,1,0.0285,0.233,0.0534,0.126,0.383,88.776,audio_features,252642,4,Living on a Thin Line,The Kinks,https://i.scdn.co/image/ab67616d00004851af2fa9b5a397fb7e476060c6,6UFbaKb6c5FGqoK6kH4WVu,6Z9HVIvwKMEB1UoECSySdv
112,0.665,0.394,1,-16.731,1,0.0313,0.0109,0.371,0.208,0.672,136.929,audio_features,238000,4,Fallen Angel,King Crimson,https://i.scdn.co/image/ab67616d00004851e0d2d12a833288b2ecc09c9d,1dbVSQR5jcw5rdngMyA3d8,2nre6WG8fD0YVX6Ir7OIsR
113,0.82,0.876,0,-6.784,1,0.0333,0.074,0.0578,0.124,0.942,122.967,audio_features,354213,4,Making Flippy Floppy - 2005 Remaster,Talking Heads,https://i.scdn.co/image/ab67616d00004851e35e2e2a4bfa8a30a78fc532,4sLCQxMRfn3gAHrBNZtbTH,2OsuNPRc9qt34UOatyrAlZ
114,0.704,0.659,9,-5.154,1,0.0268,0.415,0.00011,0.278,0.731,99.633,audio_features,169467,4,"Uh-Oh, Love Comes to Town - 2005 Remaster",Talking Heads,https://i.scdn.co/image/ab67616d00004851e71708b667804f6241dd1a59,5eqcF7pWzHgWpGdEmHgeSN,1ziWFozxLNQH76CGGizB32
115,0.716,0.635,7,-7.451,1,0.0535,0.0739,3.22e-06,0.173,0.727,129.355,audio_features,177827,4,Love → Building on Fire - 2005 Remaster,Talking Heads,https://i.scdn.co/image/ab67616d00004851e71708b667804f6241dd1a59,5eqcF7pWzHgWpGdEmHgeSN,6hfsIlwOxJ0cX8v2SNntBQ
116,0.759,0.727,10,-6.568,1,0.0369,0.0267,0.139,0.167,0.969,117.622,audio_features,267333,4,Perfect World - 2005 Remaster,Talking Heads,https://i.scdn.co/image/ab67616d00004851c64d2d4760962e4927527b2b,1ErneCyxOnZ1KTiEcNmnjw,6S2pKjLlCpH5Fv5TQX2IBa
117,0.6,0.869,10,-5.591,1,0.0795,0.403,0.0205,0.0683,0.687,152.06,audio_features,387560,4,The Great Curve - 2005 Remaster,Talking Heads,https://i.scdn.co/image/ab67616d00004851e56fa8c916dc6ce419dcf557,3AQgdwMNCiN7awXch5fAaG,35ljOibZSLEjOEPGrbaJsH
118,0.676,0.474,0,-12.794,0,0.0373,0.294,2.56e-06,0.0686,0.952,181.103,audio_features,351507,4,Ti sbabi,Cheb Tahar,https://i.scdn.co/image/ab67616d00004851ea5f2674cdc7ce3f8c4d698d,49WbUhzzdloagcrZKn0LhB,42AJ0oFAlf8C3GIIftqTzT
119,0.601,0.574,2,-8.166,1,0.03,0.579,1.14e-05,0.216,0.8,147.964,audio_features,214080,4,Ooh La La,Faces,https://i.scdn.co/image/ab67616d00004851416f18056ac5d7281d8a5878,4eTVgxB6wm5eGvesA4cUN5,4lJ6YVXQ0jUk5ILu0PSrA4
120,0.597,0.271,5,-17.293,1,0.0394,0.766,0.0119,0.0933,0.338,76.271,audio_features,203613,4,Fire and Rain - 2019 Remaster,James Taylor,https://i.scdn.co/image/ab67616d00004851b3adf9b1706b05af854bbad4,1HiG0ukRmFPN13EVcf98Jx,1oht5GevPN9t1T3kG1m1GO
121,0.483,0.159,7,-13.648,1,0.0353,0.914,0.0,0.111,0.423,146.721,audio_features,157893,4,Helplessly Hoping - 2005 Remaster,"Crosby, Stills & Nash",https://i.scdn.co/image/ab67616d00004851a32339b8818323380682a889,6vUWpE8qciYHOhf7mgaGny,1UKobFsdqNXQb8OthimCKe
122,0.638,0.058,4,-25.243,1,0.0388,0.928,0.079,0.113,0.126,140.964,audio_features,126640,4,4 + 20,"Crosby, Stills, Nash & Young",https://i.scdn.co/image/ab67616d0000485106e00756085191abc01e4cf0,5bHkK1X4WEOzNvRhehvOcb,2jZPEeW2ynykb2GkVqpOkJ
123,0.644,0.623,11,-13.862,0,0.059,0.389,0.0202,0.0617,0.676,126.553,audio_features,306974,4,Truckin' - 2013 Remaster,Grateful Dead,https://i.scdn.co/image/ab67616d00004851fd3f66a9ce4371f7ffa0346f,2UDDZVesmQwA4aYfa55diS,1I6l01BaBgBCVkfQCpIlR6
124,0.63,0.551,9,-9.28,1,0.0549,0.373,5.75e-05,0.103,0.518,143.868,audio_features,274493,4,The Weight - Remastered 2000,The Band,https://i.scdn.co/image/ab67616d0000485120bbceac6950d3fe13fa13c3,0ky5kdvfPxSmSpj03hpSAE,0P7DoyGrr4Wp9w5TotEtUC
125,0.554,0.651,4,-11.625,1,0.0414,0.811,1.57e-05,0.115,0.652,86.993,audio_features,194493,4,I Got a Name - Stereo Version,Jim Croce,https://i.scdn.co/image/ab67616d000048513519ec82cb709b2adb2a01cc,64dufEP8npd2jYoPfdzWPJ,4UEgKxYLP0bPG6EwD0DgYK
126,0.626,0.816,9,-10.593,1,0.131,0.237,1.8e-06,0.104,0.798,105.307,audio_features,164813,4,Me and Julio Down by the Schoolyard,Paul Simon,https://i.scdn.co/image/ab67616d0000485137a40ab12a4fb96319a9d96f,7npBPiCHjPj8PVIGPuHXep,6vxHp3CDNo0afgKGp2yi1E
127,0.478,0.861,7,-7.63,1,0.0363,0.0164,0.00597,0.12,0.139,128.356,audio_features,232040,4,Turn It On Again - Remastered 2007,Genesis,x,x,x
128,0.385,0.689,11,-11.616,0,0.0294,0.262,0.835,0.0848,0.777,101.894,audio_features,218893,4,Peaches En Regalia,Frank Zappa,https://i.scdn.co/image/ab67616d00004851ee314008c5ae6e98904ebfe0,0WYYrC9My9rYWigac003hw,5uDu2qOoDou7cFXsipAo8l
129,0.419,0.0879,4,-29.413,1,0.043,0.772,0.315,0.107,0.269,75.351,audio_features,277659,4,Cadence and Cascade,King Crimson,https://i.scdn.co/image/ab67616d00004851e0d2d12a833288b2ecc09c9d,1dbVSQR5jcw5rdngMyA3d8,2feMWQsIUyt7XlDSQgPZKg
130,0.334,0.726,9,-6.903,1,0.0404,0.0278,0.000566,0.089,0.306,132.98,audio_features,430079,3,One More Red Nightmare,King Crimson,https://i.scdn.co/image/ab67616d000048513167627d9428094376a26a08,4mA3RKIoEoX4JlJSHueQae,4KdAAZPD1tWbBip1qbORoM
131,0.362,0.0373,9,-26.157,0,0.0529,0.869,0.451,0.106,0.0427,77.479,audio_features,732807,4,"Moonchild - Including ""The Dream"" and ""The Illusion""",King Crimson,https://i.scdn.co/image/ab67616d00004851da7b326bd7ffa7b6b95b0660,75ol9OP8bJaRqzGimpFHDm,0dRuTDUctXcQuYV7j6mhb2
132,0.275,0.494,4,-13.821,0,0.0444,0.0199,0.000677,0.426,0.301,148.191,audio_features,476866,4,In The Wake Of Poseidon,King Crimson,https://i.scdn.co/image/ab67616d00004851df0ca9c1749f68f803f9f42b,68W3ppXWhsOLOURmxzRkyA,39AAt95Ts6PIHgMJfnHTNr
133,0.537,0.522,0,-13.298,1,0.059,0.306,0.182,0.957,0.734,139.91,audio_features,234813,3,Red,King Crimson,https://i.scdn.co/image/ab67616d00004851e0d2d12a833288b2ecc09c9d,1dbVSQR5jcw5rdngMyA3d8,7Ml2BCAVVdBKylU254iGgk
134,0.363,0.0625,9,-30.98,1,0.0462,0.885,0.0076,0.107,0.174,143.55,audio_features,75103,5,Peace - A Theme,King Crimson,https://i.scdn.co/image/ab67616d00004851df0ca9c1749f68f803f9f42b,68W3ppXWhsOLOURmxzRkyA,1sdE5MvlTinP43rimOGc3Y
135,0.294,0.35,2,-15.002,1,0.0412,0.419,3.55e-06,0.35,0.85,172.802,audio_features,227600,3,The Witch's Promise,Jethro Tull,https://i.scdn.co/image/ab67616d00004851af2da8ad38c25ef67c29f171,4xOhK9LXV4Kz4VI1N7lOSO,5FPPVJlSnq6Vachf43VGWk
136,0.397,0.466,0,-12.035,1,0.0471,0.0813,1.15e-05,0.0919,0.819,171.768,audio_features,293213,4,Songs from the Wood - 2003 Remaster,Jethro Tull,https://i.scdn.co/image/ab67616d000048513af8c61026e278d673f982ff,3hqr2lQ7zQdnyguyuID177,5AhyxWDDMvc3l7vttW68Al
137,0.316,0.601,5,-9.278,1,0.0483,0.00293,0.0102,0.189,0.51,172.035,audio_features,329525,4,The Poet and the Painter - Steven Wilson Stereo Remix,Jethro Tull,https://i.scdn.co/image/ab67616d00004851ac3a8af2b259525f9f0034df,37Zms3u6Da41sizguIcn6M,5lfcrw8vud35shmnanJfxG
138,0.634,0.63,1,-8.277,0,0.031,0.447,0.039,0.17,0.489,118.628,audio_features,270773,4,Gimme Shelter,The Rolling Stones,https://i.scdn.co/image/ab67616d000048512af30c881bb23cfb82a8cf99,4l4u9e9jSbotSXNjYfOugy,6H3kDe7CGoWYBabAeVWGiD
139,0.0768,0.00377,3,-33.135,0,0.0403,0.984,0.95,0.102,0.0321,72.997,audio_features,133031,4,2225,35007,https://i.scdn.co/image/ab67616d00004851524877800d481cc2648ff1b9,2MtlzWmDz3ArhZIkV97MFa,58xdZzSTNgap8a7CEckA9b
140,0.673,0.722,3,-3.495,0,0.0755,0.0856,0.0,0.137,0.519,117.187,audio_features,200256,4,Water,35007,https://i.scdn.co/image/ab67616d0000485134b6aec2726eb1b5fd61c612,341icYyO50W0ImXNyo3fdw,7vjaYUpr3xCbOMrJHTX6MF
141,0.177,0.467,9,-10.427,0,0.0321,0.314,0.832,0.316,0.247,156.728,audio_features,294000,4,The Elephant Song,35007,https://i.scdn.co/image/ab67616d0000485134b6aec2726eb1b5fd61c612,341icYyO50W0ImXNyo3fdw,24ENYWfpbnIOGKDW11pXCJ
142,0.155,0.794,9,-8.841,1,0.0683,0.202,0.76,0.102,0.0525,175.848,audio_features,253267,4,0618,35007,https://i.scdn.co/image/ab67616d00004851524877800d481cc2648ff1b9,2MtlzWmDz3ArhZIkV97MFa,2AcKnehihCFvnzXtr89qxZ
143,0.551,0.385,10,-11.785,1,0.0326,0.77,0.162,0.101,0.109,98.979,audio_features,131800,4,Old Habits Reprise,Mick Jagger,https://i.scdn.co/image/ab67616d000048518ec32541b0e796a19ae9d662,4gdhL28kzPrU3AJNWiEjTH,1eqGaMI4wbEmhZDfJWUSNV
144,0.513,0.67,0,-3.768,0,0.032,0.319,0.000545,0.108,0.33,107.311,audio_features,213507,4,"Strange Game - From The ATV+ Original Series ""Slow Horses”",Mick Jagger,https://i.scdn.co/image/ab67616d0000485118c46cf460976bfa72d93faf,7IyUf9P0bOKXbhAl2cWOMo,0AOwMIY6XB78tGUDu37wXY
145,0.435,0.94,0,-5.569,1,0.128,0.0453,0.000327,0.185,0.574,174.147,audio_features,226253,4,Lonely At The Top,Mick Jagger,https://i.scdn.co/image/ab67616d00004851ddd7bf3128402ae651f5f485,0xJYbTxo4DMYSHkC7iSqPB,39NvPJmm0CwBguI0MsY9yv
146,0.533,0.688,1,-6.166,1,0.0725,0.0293,9.72e-05,0.474,0.956,138.981,audio_features,189160,4,Beat It / State of Shock - Immortal Version,Michael Jackson,https://i.scdn.co/image/ab67616d0000485142d5a048a254a1ca50e85715,5ReKddpdZKgpVlecQhLnEH,3ejjvP4oU6RoyiK9xZ5lwU
147,0.662,0.904,5,-6.527,1,0.0398,0.28,3.32e-06,0.0733,0.62,122.324,audio_features,295333,4,Kow Tow,Mick Jagger,https://i.scdn.co/image/ab67616d000048516f55ca2b048159c620449784,3aIfmvaTkLZ0WzWZag3gVi,19oKMA6GlnAWpYCSSMhsG1
148,0.586,0.712,9,-4.823,1,0.0969,0.104,6.21e-06,0.0377,0.45,106.024,audio_features,287973,4,T.H.E (The Hardest Ever),will.i.am,https://i.scdn.co/image/ab67616d00004851e181fb7a12507944e4a3051b,6tFEDzlO35Q7RQ0o86C8Jk,7Mx6Gl7B4d6uUlh0MGswYe
149,0.52,0.373,9,-14.162,1,0.058,0.612,0.000386,0.0737,0.0932,82.471,audio_features,162947,4,If Things Could Be Different,Mick Jagger,x,x,x
150,0.702,0.846,11,-5.146,0,0.0423,0.076,0.0915,0.531,0.594,117.978,audio_features,215933,4,Charmed Life,Mick Jagger,https://i.scdn.co/image/ab67616d00004851311eb94fb9ccedc5d1d1e326,3pNhYtUTKu97Y2rM25rrIr,5XWhwopIR6PLA4jBwnd0S5
151,0.544,0.783,5,-7.108,1,0.0368,0.00218,0.00103,0.266,0.367,109.089,audio_features,241360,4,Visions Of Paradise,Mick Jagger,https://i.scdn.co/image/ab67616d00004851a196f9a07530702c5230a896,7r7cyCCx4eNRCqQxzk79Rt,2nx3Gx5PEyDS9NHAvRmOiU
152,0.59,0.913,2,-4.879,1,0.054,0.0526,0.0,0.437,0.737,118.011,audio_features,273680,4,Drive of Shame (feat. Mick Jagger),Brad Paisley,https://i.scdn.co/image/ab67616d0000485136e7e4018ed32aca78845d49,43xH1kPS7aNKc2WJtUHRAs,3FZuZot3AXQVXaTlPWpzCc
153,0.746,0.713,0,-11.996,1,0.0375,0.118,0.0,0.0684,0.871,118.964,audio_features,193853,4,Let's Work,Mick Jagger,x,x,x
154,0.489,0.899,1,-3.964,1,0.0819,0.0016,0.00637,0.0609,0.641,146.22,audio_features,245413,4,Wired All Night,Mick Jagger,https://i.scdn.co/image/ab67616d000048517f22d4b9cc23b24dff3480e5,3TAd5skYEcJ9dosbhEsVgA,4lBUjEwlIFlZKwvqTGz0lO
155,0.744,0.255,9,-16.892,1,0.941,0.934,0.000283,0.266,0.718,101.593,audio_features,63827,4,Mick Jagger's And John Lennon's Introduction Of The Dirty Mac - Remastered 2018,Mick Jagger,https://i.scdn.co/image/ab67616d00004851cf06d7fb4f5b592525e91b94,6HukFdvHHvXI3EAhjvtnF3,45T05lggVsPiM8pMenwQ27
156,0.44,0.757,7,-4.948,1,0.0557,0.08,0.0005,0.127,0.448,160.351,audio_features,268600,4,Let's Make It Up,Mick Jagger,x,x,x
157,0.518,0.484,3,-7.95,1,0.0289,0.174,0.0111,0.105,0.2,128.145,audio_features,267347,4,Hard Woman,Mick Jagger,https://i.scdn.co/image/ab67616d00004851ddd7bf3128402ae651f5f485,0xJYbTxo4DMYSHkC7iSqPB,3Qp5JN3X4IpnaPxSMC9ayh
158,0.493,0.739,5,-5.335,1,0.0254,0.0194,0.0212,0.0924,0.592,77.634,audio_features,216267,4,Evening Gown,Mick Jagger,https://i.scdn.co/image/ab67616d000048517f22d4b9cc23b24dff3480e5,3TAd5skYEcJ9dosbhEsVgA,4QywGgBAKZRc51Ls2xZwsq
159,0.811,0.863,1,-4.133,1,0.145,0.0126,0.00535,0.11,0.865,104.837,audio_features,259520,4,Sweet Thing,Mick Jagger,https://i.scdn.co/image/ab67616d000048517f22d4b9cc23b24dff3480e5,3TAd5skYEcJ9dosbhEsVgA,46oxhVXWECsaPytsDW6GKb
160,0.522,0.497,0,-5.824,1,0.0325,0.212,0.000629,0.103,0.187,95.882,audio_features,357307,4,"Blind Leading The Blind - Acoustic Version / Live From Abbey Road,United Kingdom/2004",Mick Jagger,https://i.scdn.co/image/ab67616d000048518ec32541b0e796a19ae9d662,4gdhL28kzPrU3AJNWiEjTH,5KUdDvQg3gnwJ40z29G0hX
161,0.506,0.893,9,-2.763,1,0.0685,0.0128,0.00872,0.236,0.413,118.759,audio_features,201760,4,Checkin' Up On My Baby,Mick Jagger,https://i.scdn.co/image/ab67616d00004851311eb94fb9ccedc5d1d1e326,3pNhYtUTKu97Y2rM25rrIr,4CG8UNXtg3YDXFqB3miwzA
162,0.559,0.704,9,-9.887,1,0.0742,0.0322,2.46e-06,0.401,0.768,82.947,audio_features,247907,4,Memo From Turner,Mick Jagger,https://i.scdn.co/image/ab67616d00004851daa1978e97e1f6bb669fba16,2amkRvmOp0ntIjz2cjGXPn,4cHBP73V974hbCl66gvWsi
163,0.724,0.73,10,-6.747,1,0.0594,0.198,7.27e-06,0.187,0.597,127.949,audio_features,353333,4,Primitive Cool,Mick Jagger,https://i.scdn.co/image/ab67616d000048516f55ca2b048159c620449784,3aIfmvaTkLZ0WzWZag3gVi,4uYTHh0agrb7IJfb1exCgT
164,0.637,0.657,9,-10.615,1,0.0286,0.155,0.202,0.143,0.863,133.973,audio_features,157400,4,Hide Away,Mick Jagger,https://i.scdn.co/image/ab67616d00004851a196f9a07530702c5230a896,7r7cyCCx4eNRCqQxzk79Rt,0wcLrvE84uqVyc4XRZWi5t
165,0.566,0.434,10,-8.341,1,0.0272,0.0292,0.81,0.0874,0.309,112.996,audio_features,192933,3,Counting The Days,Mick Jagger,https://i.scdn.co/image/ab67616d000048518ec32541b0e796a19ae9d662,4gdhL28kzPrU3AJNWiEjTH,6eLKALIQTFLg5DvBdpJnZT
166,0.758,0.586,11,-13.461,0,0.056,0.033,0.0028,0.0743,0.947,154.629,audio_features,228327,4,Use Me,Mick Jagger,https://i.scdn.co/image/ab67616d000048517f22d4b9cc23b24dff3480e5,3TAd5skYEcJ9dosbhEsVgA,51fEz8VT1OlCYjU8ItAgQg
167,0.396,0.64,5,-8.193,1,0.0344,0.00556,0.00138,0.136,0.321,157.93,audio_features,314253,4,Don't Call Me Up,Mick Jagger,x,x,x
168,0.608,0.866,10,-4.084,1,0.0449,0.252,0.0,0.149,0.359,110.026,audio_features,267627,4,Old Habits Die Hard,Mick Jagger,https://i.scdn.co/image/ab67616d000048518ec32541b0e796a19ae9d662,4gdhL28kzPrU3AJNWiEjTH,2v5f1poqSuqkNzHOQD4Ej7
169,0.766,0.878,9,-4.862,0,0.0585,0.127,0.00391,0.102,0.833,132.011,audio_features,315613,4,Just Another Night,Mick Jagger,https://i.scdn.co/image/ab67616d00004851ddd7bf3128402ae651f5f485,0xJYbTxo4DMYSHkC7iSqPB,4pVTneBibGa5HU7HzAOvY8
170,0.6,0.816,4,-13.64,1,0.0431,0.117,0.0,0.126,0.744,130.99,audio_features,204787,4,Dancing in the Street - 2002 Remaster,David Bowie,https://i.scdn.co/image/ab67616d000048513cc298f07d473f944016bd03,25vNR2X4RTa0UJ9aKqaXqz,6FnuMo55jNECTDdS1nD5H0
171,0.427,0.398,2,-8.365,0,0.0337,0.57,0.307,0.104,0.358,148.328,audio_features,413427,3,You Did The Crime (feat. Mick Jagger),Buddy Guy,https://i.scdn.co/image/ab67616d00004851a3a4dd2028b37ad02c53fc09,425gWaQU4t3KOvcM7z3VGk,1EaXxcHdwynYneRHptZ0Qh
172,0.543,0.928,2,-4.393,1,0.0972,0.4,0.000536,0.271,0.596,172.064,audio_features,253898,4,Gotta Get A Grip - Kevin Parker Remix,Mick Jagger,https://i.scdn.co/image/ab67616d000048516be04cbda247b05121426f31,4bezZIiVuaBihszrMLU71c,5cLSJ1odxAMtjx1Lq08dUN
173,0.284,0.361,7,-11.377,1,0.032,0.57,0.000273,0.281,0.2,128.255,audio_features,217707,4,The Long Black Veil (with Mick Jagger),The Chieftains,https://i.scdn.co/image/ab67616d0000485170d1c9e3e37dffeec0c37de4,1rClywJWYiXuEZOpOqQMC0,3wh92qqZSbfLV7ii7Na7KW
174,0.579,0.838,9,-4.783,1,0.0273,0.000164,0.00682,0.0634,0.695,128.889,audio_features,214200,4,God Gave Me Everything,Mick Jagger,https://i.scdn.co/image/ab67616d00004851a196f9a07530702c5230a896,7r7cyCCx4eNRCqQxzk79Rt,020X55mawvXGASoewg14Dj
175,0.519,0.706,2,-4.898,1,0.0291,0.13,1.42e-05,0.0969,0.438,81.959,audio_features,224107,4,Brand New Set Of Rules,Mick Jagger,https://i.scdn.co/image/ab67616d00004851a196f9a07530702c5230a896,7r7cyCCx4eNRCqQxzk79Rt,1EHV5trOhhsAri0idGZNFT
176,0.516,0.764,2,-6.223,1,0.0366,0.0717,0.0,0.115,0.376,148.021,audio_features,224693,4,Secrets,Mick Jagger,https://i.scdn.co/image/ab67616d00004851ddd7bf3128402ae651f5f485,0xJYbTxo4DMYSHkC7iSqPB,2hQEACDSE8BEfKCsyDEhUq
177,0.726,0.871,9,-6.391,0,0.0358,0.124,0.0,0.0832,0.788,129.141,audio_features,298400,4,1/2 A Loaf,Mick Jagger,https://i.scdn.co/image/ab67616d00004851ddd7bf3128402ae651f5f485,0xJYbTxo4DMYSHkC7iSqPB,3IaMupH1kXVPQKlkuZvfQZ
178,0.98,0.846,8,-7.696,0,0.139,0.283,0.149,0.052,0.891,121.562,audio_features,271000,4,State of Shock,The Jacksons,https://i.scdn.co/image/ab67616d0000485188296836646095d581d0af4c,4nBMoo2lWA0tebq8iUWx1D,1sLTxLJzyoBJiPzv420KAx
179,0.687,0.69,11,-8.424,0,0.127,0.191,0.784,0.11,0.842,76.997,audio_features,262933,4,Trance Dance - DJ Krush Remix,Hamid Baroudi,https://i.scdn.co/image/ab67616d000048510c9d094f100a6ef0efc6bfed,3cf2fjjpKdFJDwg7Ah2Zas,7ySodE6xsDojBRjy7bGWmb
180,0.738,0.568,8,-5.341,1,0.186,0.0246,0.0,0.146,0.399,99.933,audio_features,159800,4,Maghreb,Raïna Raï,https://i.scdn.co/image/ab67616d000048516c5b39180fdf413565a06add,4TmTq4AWcssjcQTgEPgDZF,77Ny3UpDPweXYyhnaq4FG4
181,0.582,0.863,4,-8.755,0,0.0687,0.142,2.02e-06,0.776,0.641,118.952,audio_features,186693,4,Etoile filante - Pt. II,Djamel Laroussi,https://i.scdn.co/image/ab67616d000048515b7d5b0f81e4364a280b4a3a,5wAXR3qkrP7fmy5k8fP7lQ,27WuCp0YphT1tieFElg4jO
182,0.65,0.76,4,-8.459,0,0.0588,0.2,4.53e-05,0.14,0.71,122.636,audio_features,227520,4,Teacher - Single Mix; 2001 Remaster,Jethro Tull,https://i.scdn.co/image/ab67616d0000485104e75e2458078ed9b5ab0230,1meW8yyx76RPZebO32VwrB,1JrNAxiq1o57wxuI9aX6KJ
183,0.515,0.441,1,-10.656,0,0.0254,0.0103,0.0158,0.122,0.225,99.006,audio_features,302413,4,Broadsword - 2005 Remaster,Jethro Tull,https://i.scdn.co/image/ab67616d00004851268894c9c9e5549bd16e79fb,4lpzTVAjVdnLfIpWPqKuKw,78FLjDcRvkXcIs6jRQN1ld
184,0.351,0.764,9,-5.624,1,0.0366,0.00422,0.441,0.0197,0.504,166.656,audio_features,210000,4,Hey Joe,Jimi Hendrix,https://i.scdn.co/image/ab67616d00004851c9adfbd773852e286faed040,7rSZXXHHvIhF4yUFdaOCy9,0NWPxcsf5vdjdiFUI8NgkP
185,0.512,0.335,2,-17.002,0,0.0481,0.531,0.895,0.099,0.48,127.935,audio_features,287387,4,"Nuages (That Which Passes, Passes Like Clouds)",King Crimson,https://i.scdn.co/image/ab67616d0000485179307974cc73f51fb5b6a173,4eJ3LJl4sHKs3nd8CZ9hq5,3fI6xSQqR37GqFTfdKzBBQ
186,0.691,0.853,1,-2.528,0,0.0372,0.0631,7.13e-05,0.082,0.762,145.999,audio_features,215867,4,One Time,King Crimson,https://i.scdn.co/image/ab67616d00004851e61d2abd4c80c6795759c8b0,5A1knO3o9ippL0nFuKl0Kh,4xiQr4fHWwQZONZCXbEYIz
187,0.728,0.543,9,-10.364,1,0.0926,0.0131,9.99e-05,0.048,0.644,103.247,audio_features,229720,4,Model Man,King Crimson,https://i.scdn.co/image/ab67616d0000485179307974cc73f51fb5b6a173,4eJ3LJl4sHKs3nd8CZ9hq5,0NgBe6cubzUkCr0rYrFgCI
188,0.398,0.0336,4,-27.154,1,0.0505,0.959,0.0159,0.13,0.283,140.616,audio_features,167336,4,Lady of the Dancing Water,King Crimson,https://i.scdn.co/image/ab67616d000048518f4652132e153badd7017df4,4vvx8uOeJE7YR4tORVtYV4,0pKlIB10GmZCmXA1g5EhV5
189,0.595,0.88,5,-6.121,1,0.0365,0.186,0.0167,0.129,0.667,138.869,audio_features,191253,4,Eyes Wide Open,King Crimson,https://i.scdn.co/image/ab67616d00004851e0d2d12a833288b2ecc09c9d,1dbVSQR5jcw5rdngMyA3d8,7xq0neUEFtMsUBzN9uX8WH
190,0.549,0.712,7,-10.064,0,0.0616,0.0557,4.28e-05,0.0976,0.836,177.145,audio_features,250787,1,Three of a Perfect Pair,King Crimson,https://i.scdn.co/image/ab67616d00004851e0d2d12a833288b2ecc09c9d,1dbVSQR5jcw5rdngMyA3d8,3riKaZqGmdmnt6zKhkiWip
191,0.365,0.263,7,-18.358,0,0.0518,0.0329,0.699,0.218,0.311,146.028,audio_features,444713,4,The Talking Drum,King Crimson,https://i.scdn.co/image/ab67616d00004851aa9e5286056e17ff3d9b2881,6ELt0QaMOwPGPzfdEXE839,6JdDmIuW0ZX5ziq7xl9jyR
192,0.332,0.0818,9,-21.575,0,0.0472,0.597,1.82e-06,0.104,0.202,69.023,audio_features,175721,5,Book Of Saturday,King Crimson,https://i.scdn.co/image/ab67616d00004851e0d2d12a833288b2ecc09c9d,1dbVSQR5jcw5rdngMyA3d8,1IipkdkrBeEu4ikMirm7jX
193,0.614,0.381,4,-14.628,1,0.0441,0.244,4.12e-05,0.0917,0.504,145.056,audio_features,199667,4,Dinosaur,King Crimson,https://i.scdn.co/image/ab67616d00004851e61d2abd4c80c6795759c8b0,5A1knO3o9ippL0nFuKl0Kh,1tvEy7OmCMvzAWGfjd3ypa
194,0.286,0.307,11,-15.953,0,0.04,0.0404,0.0125,0.185,0.134,118.395,audio_features,281611,4,The Night Watch,King Crimson,https://i.scdn.co/image/ab67616d00004851ebb799f3ca90f59bd04f6a72,4ttC4XUinZXn3GMIQNrjFZ,46dxvP1IF5TdcKG42GkDF4
195,0.281,0.309,4,-17.589,0,0.0373,0.545,0.618,0.109,0.309,81.173,audio_features,365659,4,I Talk To The Wind,King Crimson,https://i.scdn.co/image/ab67616d00004851da7b326bd7ffa7b6b95b0660,75ol9OP8bJaRqzGimpFHDm,1T0CdfKPKb1gJi4vCKpZ9C
196,0.487,0.474,9,-10.247,0,0.0255,0.525,0.000488,0.139,0.414,89.409,audio_features,195027,4,I Talk To The Wind - From: The Young Person's Guide To King Crimson 1976,King Crimson,https://i.scdn.co/image/ab67616d00004851d8609b6cdfad9dca99f2c944,4JnrXTu4sqjORAh1cPiKea,3JTgViCSJJEmmKaquWMkOc
197,0.452,0.337,2,-14.295,1,0.0669,0.651,0.775,0.107,0.266,87.133,audio_features,219679,4,We'll Let You Know,King Crimson,x,x,x
198,0.322,0.122,3,-20.153,0,0.0347,0.59,4.43e-05,0.22,0.0729,139.39,audio_features,107437,3,Inner Garden I,King Crimson,https://i.scdn.co/image/ab67616d00004851e61d2abd4c80c6795759c8b0,5A1knO3o9ippL0nFuKl0Kh,4zGNUdGxpwnC7HN27Muzpl
199,0.429,0.276,2,-18.492,1,0.0613,0.0102,0.0307,0.0994,0.289,178.433,audio_features,337936,4,Indoor Games,King Crimson,https://i.scdn.co/image/ab67616d000048518f4652132e153badd7017df4,4vvx8uOeJE7YR4tORVtYV4,1uFBuwaIS0vYICAgBEwaUa
